id;titulo;autor;descripcion;editorial;ISBN;categoria;imagenLibro;cantidadEjemplares
1;Software la Superbabosa;Joyce dunbar;libro bueno;Edebe;8423687570;Infantil y juvenil;https://images.cdn2.buscalibre.com/fit-in/180x180/1f/a6/1fa666e0f93fb0bc63c4c214188f3a46.jpg;15
2;Gestion de proyecto de Software;Flores masias, eward huarote zegarra, raul;libro bueno;Fondo editorial universidad cesar vallejo;No hay informacion;Ingenieria;https://images.cdn1.buscalibre.com/fit-in/180x180/20/82/2082a4e5a59dcf7e8531feb8e488c30b.jpg;17
3;Reemplazada por un Software;Vallejos, mariela;libro bueno;Cuarto propio;No hay informacion;No hay informacion;https://images.cdn3.buscalibre.com/fit-in/180x180/a0/b2/a0b2c729a04d61a9348942dff8dbaa39.jpg;2
4;Ingenieria de Software;Ian sommerville;libro bueno;Pearson;6073206038;Computadoras y tecnologia;https://images.cdn3.buscalibre.com/fit-in/180x180/f8/78/f878362b2a6c71f5e7125eafff09a82c.jpg;16
5;Edicion de Medios Digitales con Software Libre (Tratamiento de Video, Audio e Imagen con Software Gratuito) (Guias Practicas);Juan f. mateos;libro bueno;Anaya multimedia;9788441523760;No hay informacion;https://images.cdn1.buscalibre.com/fit-in/180x180/b2/4f/b24f5a1c7adddcc154ad324483235c72.jpg;13
6;El El Vaticano II como software de la iglesia actualii;Peter hünermann;libro bueno;Universidad alberto hurtado;9789563570182;Ciencias humanas;https://images.cdn1.buscalibre.com/fit-in/180x180/98/f8/98f851577377e72513d555512f55617f.jpg;2
7;Goodreads Software y el estupor informatico;Joyce dunbar;libro bueno;Edebe;No hay informacion;Infantil;https://images.cdn1.buscalibre.com/fit-in/180x180/ef/e8/efe821552b8ec7f23174fbfff1755870.jpg;16
8;Software y el Arte de Hacer Media;Joyce dunbar;libro bueno;Edebe;No hay informacion;Literatura inglesa;https://images.cdn1.buscalibre.com/fit-in/180x180/46/f2/46f283d23180e936bb251655dbc699ae.jpg;11
9;Software, La Superbabosa;Joyce dunbar;libro bueno;Edebe;8423625613;No hay informacion;https://images.cdn3.buscalibre.com/fit-in/180x180/21/6f/216f45ed6c90bd079941db392d9f9a3a.jpg;20
10;Como Elegir y Utilizar Software Educativo;David squires,david mcdougall;libro bueno;Morata;8471124181;No hay informacion;https://images.cdn2.buscalibre.com/fit-in/180x180/5c/25/5c2576ff6c47d96229b0123281eabcf7.jpg;20
11;Desarrollo Seguro en Ingenieria del Software;Jose manuel ortegacandel;libro bueno;Marcombo;No hay informacion;No hay informacion;https://images.cdn2.buscalibre.com/fit-in/180x180/0e/6e/0e6ec68a1786cc8630a06d1265b4fc65.jpg;12
12;MATEMATICA DISCRETA CON APOYO SOFTWARE;Vilchez;libro bueno;Alpha editorial s.a;9789587787047;Ciencias basicas;https://images.cdn3.buscalibre.com/fit-in/180x180/c8/5e/c85e68c9a9823ec4bf06fd7d33e23bae.jpg;18
13;Fundamentos de Tecnologia de la Informacion: Hardware y Software Para pc;David anfinson,ken quamme;libro bueno;Prentice hall;8483225166;No hay informacion;https://images.cdn3.buscalibre.com/fit-in/180x180/f0/73/f0737908097faa0390c221af2dfab719.jpg;2
14;Diseño de Software: 2ª Edicion;Alicia durango;libro bueno;Createspace;No hay informacion;No hay informacion;https://images.cdn1.buscalibre.com/fit-in/180x180/c7/b1/c7b1825c6ae7e95a758e0aad9a319de2.jpg;17
15;Metodo de investigacion en ingenieria del software;Genero;libro bueno;Ra-ma s.a. editorial y publicaciones;No hay informacion;No hay informacion;https://image.cdn0.buscalibre.com/5b5934f317e47391798b4568.__RS180x180__.jpg;10
16;Devops for Beginners: Devops Software Development Method Guide for Software Developers and it Professionals (libro en Ingles);Joseph joyner;libro bueno;Mihails konoplovs;9781682122105;No hay informacion;https://images.cdn3.buscalibre.com/fit-in/180x180/8c/28/8c28baf1f618aab22fa11871126da4d8.jpg;18
17;Clean Code: A Handbook of Agile Software Craftsmanship (libro en Ingles);Robert martin;libro bueno;Pearson;132350882;No hay informacion;https://images.cdn3.buscalibre.com/fit-in/180x180/10/fb/10fb170d7732b7dca25ebb81ded2572d.jpg;15
18;Software Libre Para una Sociedad Libre;Richard m stallman;libro bueno;Traficantes de sueños;8493355518;No hay informacion;https://images.cdn2.buscalibre.com/fit-in/180x180/fd/ef/fdef4ebc27a755362e3f74c728ca9532.jpg;1
19;Clean Architecture: A Craftsman&#39. S Guide to Software Structure and Design: A Craftsman&#39 S Guide to Software Structure and Design (Robert c. Martin Series) (libro en Ingles);Robert martin;libro bueno;Pearson;No hay informacion;No hay informacion;https://images.cdn2.buscalibre.com/fit-in/180x180/71/8a/718a4cccdea44cf4b37c74a93f5bf96d.jpg;18
20;Monitores Dinamicos de Software – Despliegue de Software – Monitoreo de Espectro;Miguel jimenez;libro bueno;Editorial universidad icesi;No hay informacion;Libros;https://images.cdn3.buscalibre.com/fit-in/180x180/5c/8b/5c8b7c17593470d63c533a4cfe0fa359.jpg;10
21;Temas Selectos de Desarrollo de Software;Ramon venturaroque hernandez;libro bueno;Colofon;No hay informacion;Lenguajes de programacion;https://images.cdn1.buscalibre.com/fit-in/180x180/c3/6f/c36f5ad308b6ef01cc9147e8453c0269.jpg;18
22;Como ser un Tester: Introduccion a las Pruebas de Software;Oscar alejandro arreola ramirez;libro bueno;Independently published;No hay informacion;No hay informacion;https://images.cdn3.buscalibre.com/fit-in/180x180/63/64/636428935f8d8d739c6a6bc85b2219e8.jpg;18
23;Metodos de Investigacion en la Ingenieria del Software;Varios autores;libro bueno;Ediciones de la u;No hay informacion;Temas varios;https://images.cdn3.buscalibre.com/fit-in/180x180/b9/e2/b9e291a609ff946ca348bd8f015a6af9.jpg;10
24;Integracion de Componentes Software en Paginas Web (MF0951 2);Fernando rodriguez dieguez;libro bueno;Ra-ma s.a. editorial y publicaciones;8499642624;No hay informacion;https://images.cdn1.buscalibre.com/fit-in/180x180/27/79/27793f8a8b46674f134511a9dcd20e57.jpg;20
25;The art of Doom: Eternal (libro en Ingles);Bethesda softworks jornadas de software libre de la universidad de cadiz;libro bueno;Dark horse books;No hay informacion;No hay informacion;https://images.cdn2.buscalibre.com/fit-in/180x180/00/41/00411b323a366836a790780c8dbfe440.jpg;1
26;Software Gratis y Libre: Encuentre Programas Gratis Para su Computadora ya;Gutierrez;libro bueno;Alfaomega grupo editor;9701513886;No hay informacion;https://images.cdn2.buscalibre.com/fit-in/180x180/70/c6/70c62270b5a0f03d5e5fc1a444d1873d.jpg;17
27;Arquitectura Limpia: 3 en 1;William vance;libro bueno;Joiningthedotstv limited;No hay informacion;No hay informacion;https://images.cdn2.buscalibre.com/fit-in/180x180/4f/26/4f2645629de3977a5eca53d9b9cfaac9.jpg;17
28;The Software Arts (Software Studies) (libro en Ingles);Warren sack;libro bueno;Mit press;No hay informacion;No hay informacion;https://images.cdn3.buscalibre.com/fit-in/180x180/da/9f/da9f82dd7c5decc520a098f0e693d5ce.jpg;12
29;Desarrollo De Software Dirigido Por Modelos;Varios autores;libro bueno;Ra - ma, editorial;8499642152;No hay informacion;https://images.cdn1.buscalibre.com/fit-in/180x180/f4/b5/f4b54d0502a5284930fc5600b466590b.jpg;12
30;Diseño Estructural de un Edificio Antisismico con Software;Manuel i. laurencio rao;libro bueno;Caduceus;No hay informacion;No hay informacion;https://statics.cdn1.buscalibre.com/no_image/ni9.__RS180x180__.jpg;12
31;Ingenieria de Software en Google;Titus winters | tom manshreck | hyrum wright;libro bueno;Alpha editorial;9789587788518;No hay informacion;https://images.cdn1.buscalibre.com/fit-in/180x180/8e/64/8e648e82fadf2ea003456b0d300c9cd7.jpg;10
32;Ingenieria De Requisitos: Software Orientado Al Negocio (spanish Edition);Carlos eduardo vazquez Guilherme siqueira simões;libro bueno;Independently published;No hay informacion;No hay informacion;https://images.cdn3.buscalibre.com/fit-in/180x180/d0/2d/d02df44a9b9954af76c8ac96f524bf63.jpg;12
33;objective proficiency st+key+downloadble software;Annette capel Wendy sharp;libro bueno;Cambridge university press;1107646375;No hay informacion;https://images.cdn2.buscalibre.com/fit-in/180x180/89/23/8923d9b63c70b3405ea078b840a75416.jpg;10
34;Arquitectura Limpia: Consejos y Trucos Para el Software y la Programacion Utilizando Teorias de Arquitectura Limpia;William vance;libro bueno;Joiningthedotstv limited;No hay informacion;No hay informacion;https://images.cdn1.buscalibre.com/fit-in/180x180/8f/4d/8f4df526da963550fe30313534195473.jpg;12
35;Fundamentals of Software Engineering: Designed to Provide an Insight Into the Software Engineering Concepts (libro en Ingles);Hitesh mohapatra amiya kumar rath;libro bueno;Bpb publications;No hay informacion;No hay informacion;https://images.cdn2.buscalibre.com/fit-in/180x180/b4/49/b449cb57dff96bf0bff2c7fec5c3f64b.jpg;19
36;Calidad en el Desarrollo de Software;Guillermo pantaleo;libro bueno;Marcombo;8426717977;No hay informacion;https://images.cdn2.buscalibre.com/fit-in/180x180/97/bc/97bcd13e692306dccfdc0a50e5eebeb4.jpg;18
37;Primer Curso de Contabilidad. Incluye Software y Resolucion de Ejercicios;Elias lara flores;libro bueno;Trillas;No hay informacion;No hay informacion;https://images.cdn2.buscalibre.com/fit-in/180x180/cb/d5/cbd50c65ba804c4f898a3b2e27345211.jpg;13
38;Como Vender Software: En Mercados Dificiles y Altamente Competitivos;Antonio garrido caballero;libro bueno;Createspace;No hay informacion;No hay informacion;https://images.cdn3.buscalibre.com/fit-in/180x180/16/a5/16a5d7159f80a2491f10409ab9bf54d5.jpg;15
39;Chess Software User's Guide: Making the Most of Your Software (libro en Ingles);Byron jacobs;libro bueno;Everyman chess,;1857442849;No hay informacion;https://images.cdn2.buscalibre.com/fit-in/180x180/52/2f/522f965a0ae68b7587b5e73290f628cc.jpg;18
40;Iso iec 29110 Para Procesos Software en las Pequeñas Empresas;Francisco j. pino correa / andres f. pino anaconda y otros;libro bueno;Alfaomega colombiana;No hay informacion;Ingenieria;https://images.cdn2.buscalibre.com/fit-in/180x180/aa/00/aa00d74e79bd5eb690e98cfad11afe86.jpg;17
41;Metodologias Agiles Para el Desarrollo de Software;Alexandra abuchar porras;libro bueno;U. distrital francisco jose de c;No hay informacion;No hay informacion;https://statics.cdn1.buscalibre.com/no_image/ni9.__RS180x180__.jpg;15
42;Ingenieria Software Connect;Roger s. pressman bruce r. maxim;libro bueno;Mc graw hill interamericana;No hay informacion;No hay informacion;https://images.cdn3.buscalibre.com/fit-in/180x180/a9/eb/a9eb2d607c50225a7142d812f9556207.jpg;11
43;Uml Modelado de Software Para Profesionales: Recursos Para Profesionales de Sistemas;Carlos moises fontela;libro bueno;Marcombo;8426717950;No hay informacion;https://images.cdn1.buscalibre.com/fit-in/180x180/a3/1f/a31fdde45233f208fe047f35afacb67d.jpg;20
44;Securing the Perimeter: Deploying Identity and Access Management With Free Open Source Software (libro en Ingles);Schwartz,machulak;libro bueno;Apress;No hay informacion;No hay informacion;https://images.cdn2.buscalibre.com/fit-in/180x180/f1/98/f1985db202c2da7c3971fb013cf6dd51.jpg;18
45;the ibm data governance unified process,driving business value with ibm software and best practices;Sunil soares;libro bueno;Independent pub group;No hay informacion;No hay informacion;https://image.cdn1.buscalibre.com/2101708.__RS180x180__.jpg;12
46;Gestion Practica de Proyectos con Scrum: Desarrollo de Software Agil Para el Scrum Master (libro en Spa);Martel, antonio martel, antonio  martel, antonio;libro bueno;Createspace independent publishing platform;No hay informacion;No hay informacion;https://images.cdn3.buscalibre.com/fit-in/180x180/5f/f6/5ff6afe2ff50d21782f1f42933f74f01.jpg;17
47;the agile samurai,how agile masters deliver great software;Jonathan rasmusson;libro bueno;Pragmatic bookshelf;1934356581;No hay informacion;https://images.cdn1.buscalibre.com/fit-in/180x180/86/7b/867b41705f2ba6c42cb76515dabb1475.jpg;19
48;Software Rights: How Patent law Transformed Software Development in America (libro en Ingles);Gerardo con diaz;libro bueno;Yale univ pr;No hay informacion;No hay informacion;https://images.cdn3.buscalibre.com/fit-in/180x180/27/5e/275ee0b1b9f1d0d34f86460e18962823.jpg;13
49;Software Erp: Analisis Y Consultoria De Software Empresarial (spanish Edition);Roberto nuñez burgos;libro bueno;Createspace;No hay informacion;No hay informacion;https://image.cdn0.buscalibre.com/5b56f69a17e4730f628b4567.__RS180x180__.jpg;11
50;Clean Architecture: A Craftsman&#39. S Guide to Software Structure and Design: A Craftsman&#39. S Guide to Software Structure and Design (Robert c. Martin Series) (libro en Ingles);Robert martin;libro bueno;Pearson;No hay informacion;No hay informacion;https://images.cdn2.buscalibre.com/fit-in/180x180/71/8a/718a4cccdea44cf4b37c74a93f5bf96d.jpg;10
51;Fundamentals of Software Architecture: An Engineering Approach (libro en Ingles);Mark richards Neal ford;libro bueno;O'reilly media;No hay informacion;No hay informacion;https://images.cdn2.buscalibre.com/fit-in/180x180/cb/d3/cbd3029f810cb9dcf965d3c8e4d90ab8.jpg;20
52;Software Architecture Fundamentals: A Study Guide for the Certified Professional for Software Architecture®;Mahbouba gharbi Arne koschel Andreas rausch;libro bueno;Rocky nook;No hay informacion;No hay informacion;https://images.cdn3.buscalibre.com/fit-in/180x180/7e/45/7e457bdaf430258d2eef828beb727cff.jpg;13
53;Clean Architecture: Tips and Tricks to Software and Programming Using Clean Architecture Theories (libro en Ingles);William vance;libro bueno;Joiningthedotstv limited;No hay informacion;No hay informacion;https://images.cdn3.buscalibre.com/fit-in/180x180/91/f2/91f2fdcaf142ffe39794dc39c57fcfb5.jpg;14
54;Software Architecture: The Hard Parts: Modern Trade;Neal ford Mark richards Pramod sadalage;libro bueno;O'reilly media;No hay informacion;No hay informacion;https://images.cdn3.buscalibre.com/fit-in/180x180/6a/20/6a20e5346618d771242352e46e67dda9.jpg;10
55;Clean Architecture: Tips and Tricks to Software and Programming Using Clean Architecture Theories (libro en Ingles);William vance;libro bueno;Joiningthedotstv limited;No hay informacion;No hay informacion;https://images.cdn3.buscalibre.com/fit-in/180x180/1e/30/1e303684c802b0f108044464aebed368.jpg;10
56;Continuous Architecture in Practice: Software Architecture in the age of Agility and Devops (Addison;Murat erder pierre pureur eoin woods;libro bueno;Addison wesley;No hay informacion;No hay informacion;https://images.cdn1.buscalibre.com/fit-in/180x180/36/8b/368babc4261d5530ef019f713bd08613.jpg;12
57;Renaissance Revit: Creating Classical Architecture With Modern Software (libro en Ingles);Paul f. aubin;libro bueno;Createspace independent publishing platform;No hay informacion;No hay informacion;https://images.cdn2.buscalibre.com/fit-in/180x180/26/27/26271cb994610b6e0329301e7dec4550.jpg;14
58;Pattern;Frank buschmann Regine meunier Hans rohnert;libro bueno;Wiley;471958697;No hay informacion;https://images.cdn2.buscalibre.com/fit-in/180x180/82/e8/82e87ed127054eebd18d644d4667acff.jpg;10
59;Learning Domain;Vlad khononov;libro bueno;O'reilly media;No hay informacion;No hay informacion;https://images.cdn2.buscalibre.com/fit-in/180x180/8d/77/8d77f99972b76bb5c697c298a8e5ab3c.jpg;19
60;Vmware Cross;Ajit pratap kundan;libro bueno;Packt publishing;No hay informacion;No hay informacion;https://images.cdn1.buscalibre.com/fit-in/180x180/a1/66/a1667e198b5a181a86939fbfe651ef34.jpg;13
61;software architecture;No hay informacion;libro bueno;Springer publishing map;3540220003;No hay informacion;https://image.cdn0.buscalibre.com/3304629.__RS180x180__.jpg;11
62;Software Architecture in Practice (Sei Series in Software Engineering) (libro en Ingles);Len bass paul clements rick kazman;libro bueno;Addison wesley;No hay informacion;No hay informacion;https://images.cdn1.buscalibre.com/fit-in/180x180/ef/57/ef574f93a0787652a8145eb5d09d5720.jpg;14
63;pattern;Robert s. hanmer;libro bueno;John wiley & sons;1119963990;No hay informacion;https://images.cdn3.buscalibre.com/fit-in/180x180/3f/ad/3fadf01cf97138e94dfddfdcc71917b9.jpg;12
64;software architecture;No hay informacion;libro bueno;Springer publishing map;1402071760;No hay informacion;https://images.cdn3.buscalibre.com/fit-in/180x180/05/c2/0f455c2a3739d7c810df35940af882b7.jpg;15
65;software architecture;No hay informacion;libro bueno;Springer publishing map;792384539;No hay informacion;https://image.cdn1.buscalibre.com/3248521.__RS180x180__.jpg;17
66;Implementing Enterprise Cyber Security With Open;Anand handa, rohit negi, s. venkatesan, sandeep k. shukla;libro bueno;Crc press 2023-07-27, gistrup,;No hay informacion;No hay informacion;https://images.cdn3.buscalibre.com/fit-in/180x180/04/1a/041a6986f126842e9dbb152d98730202.jpg;13
67;Software Architecture Metrics: Case Studies to Improve the Quality of Your Architecture (libro en Ingles);Christian ciceri Dave farley Neal ford;libro bueno;O'reilly media;No hay informacion;No hay informacion;https://images.cdn1.buscalibre.com/fit-in/180x180/e8/3e/e83e3faf6bf51fd4b13d0fbb45d0a5ad.jpg;15
68;Clean Architecture: A Comprehensive Beginners Guide to Learn the Realms of Software Structures Using the Principles of Clean Architecture (libro en Ingles);William vance;libro bueno;Joiningthedotstv limited;No hay informacion;No hay informacion;https://images.cdn3.buscalibre.com/fit-in/180x180/ac/66/ac66a738ac1e6114804c10b3fe01d4fa.jpg;11
69;a software architecture primer;H. j. reekie;libro bueno;Lightning source inc;646458418;No hay informacion;https://image.cdn1.buscalibre.com/1926534.__RS180x180__.jpg;16
70;software architecture;Ivica (edt) crnkovic;libro bueno;Springer-verlag new york inc;3642237975;No hay informacion;https://image.cdn0.buscalibre.com/3379479.__RS180x180__.jpg;20
71;the architecture of scientific software;No hay informacion;libro bueno;Springer publishing map;792373391;No hay informacion;https://image.cdn1.buscalibre.com/3258461.__RS180x180__.jpg;12
72;Software Architecture;Babar, muhammad ali;libro bueno;Springer;3642151132;No hay informacion;https://images.cdn2.buscalibre.com/fit-in/180x180/21/51/77629154a0aaffa7b11a18bcd3dc2fc0.jpg;17
73;Software Architecture (libro en Ingles);No hay informacion;libro bueno;Willford press;No hay informacion;No hay informacion;https://images.cdn1.buscalibre.com/fit-in/180x180/03/d7/03d7f0f61f4d5614386c31d89f5afe6b.jpg;19
74;Essential Software Architecture;Ian gorton;libro bueno;Springer;No hay informacion;No hay informacion;https://image.cdn0.buscalibre.com/5b58287a17e473a91e8b4568.__RS180x180__.jpg;10
75;Software Modeling and Design: Uml, use Cases, Patterns, and Software Architectures (libro en Ingles);Hassan gomaa;libro bueno;Cambridge university press;No hay informacion;No hay informacion;https://images.cdn1.buscalibre.com/fit-in/180x180/8e/21/8e2128ee2d97ca9592aeae4fadd1a737.jpg;19
76;Clean Architecture: A Comprehensive Beginners Guide to Learn the Realms of Software Structures Using the Principles of Clean Architecture (libro en Ingles);William vance;libro bueno;Joiningthedotstv limited;No hay informacion;No hay informacion;https://images.cdn1.buscalibre.com/fit-in/180x180/47/92/4792f2e5b9662de956b05e2121c641c8.jpg;17
77;Clean Architecture: 3 Books in 1;William vance;libro bueno;Joiningthedotstv limited;No hay informacion;No hay informacion;https://images.cdn1.buscalibre.com/fit-in/180x180/74/98/74984d6afed8c988f5b256f9a11a581b.jpg;11
78;Software Systems Architecture: Working With Stakeholders Using Viewpoints and Perspectives (libro en ingles);Rozanski, nick,woods, eoin;libro bueno;Addison-wesley;No hay informacion;No hay informacion;https://images.cdn3.buscalibre.com/fit-in/180x180/a3/fe/a3fe3d078631901d9f03d5a58b408c66.jpg;13
79;pattern;Frank buschmann Kevlin henney Douglas c. schmidt;libro bueno;Wiley;470059028;No hay informacion;https://images.cdn1.buscalibre.com/fit-in/180x180/fb/a0/fba0e31670661cfa878559b766abed32.jpg;18
80;Software Adaptation in an Open Environment: A Software Architecture Perspective (libro en Ingles);Yu zhou taolue chen;libro bueno;Auerbach publications;No hay informacion;No hay informacion;https://images.cdn3.buscalibre.com/fit-in/180x180/80/82/8082c0c1a396e2a014d6cd2870255229.jpg;13
81;Architecture;Teerat pitakrat;libro bueno;Books on demand;No hay informacion;No hay informacion;https://images.cdn2.buscalibre.com/fit-in/180x180/ee/95/ee95110abc379ff8f7dd17164503e23a.jpg;13
82;Landscape Architecture Software Programs;Tsai, henry;libro bueno;Lap lambert academic publishing;3838372514;No hay informacion;https://images.cdn1.buscalibre.com/fit-in/180x180/0d/f2/0df255301d4abec69b553f991494f6b8.jpg;17
83;Building Evolutionary Architectures: Automated Software Governance (libro en Ingles);Neal ford Rebecca parsons Patrick kua;libro bueno;O'reilly media;No hay informacion;No hay informacion;https://images.cdn1.buscalibre.com/fit-in/180x180/eb/ff/ebffaa0db86c926ee6f35f61ee370358.jpg;18
84;Composites Surfaces and Software: High Performance Architecture (Yale School of Architecture Books) (libro en Ingles);Lynn, greg;libro bueno;Yale school of architecture;393733335;No hay informacion;https://images.cdn1.buscalibre.com/fit-in/180x180/ce/61/ce61bdf293a9cadb7a77deff94f396b6.jpg;11
85;Beautiful Architecture: Leading Thinkers Reveal the Hidden Beauty in Software Design (libro en Ingles);Diomidis spinellis Georgios gousios;libro bueno;O'reilly media;059651798x;No hay informacion;https://images.cdn1.buscalibre.com/fit-in/180x180/38/17/3817efb39dc0a286d0ad83264499b854.jpg;15
86;Model;Oscar pastor;libro bueno;Springer;364209094x;No hay informacion;https://images.cdn3.buscalibre.com/fit-in/180x180/aa/05/aa0596c2b92f4a50dc0abcf14f7abf87.jpg;20
87;software architectures;No hay informacion;libro bueno;Springer publishing map;1852336366;No hay informacion;https://image.cdn0.buscalibre.com/3312365.__RS180x180__.jpg;19
88;Software Architecture and System Requirements;Nazeer, shahbaz;libro bueno;Lap lambert academic publishing;3847320513;No hay informacion;https://images.cdn3.buscalibre.com/fit-in/180x180/58/92/58922de75dc1a05fcf9459697467db28.jpg;14
89;software design: from programming to architecture;Braude;libro bueno;John wiley & sons;471204595;No hay informacion;https://images.cdn2.buscalibre.com/fit-in/180x180/2a/1f/2a1ffc83db2ef3cc65407bfe7a338f07.jpg;19
90;Software Architecture With c# 10 and. Net 6: Develop Software Solutions Using Microservices, Devops, ef Core, and Design Patterns for Azure, 3rd Edition (libro en Ingles);Gabriel baptista francesco abbruzzese;libro bueno;Packt publishing;No hay informacion;No hay informacion;https://images.cdn2.buscalibre.com/fit-in/180x180/c3/a2/c3a298dcaa75a9ba361cd36a7f4a29ba.jpg;15
91;Agile Software Architecture: Aligning Agile Processes And Software Architectures;Muhammad ali babar,alan w. brown,ivan mistrik;libro bueno;Morgan kaufmann publishers inc.;No hay informacion;No hay informacion;https://image.cdn1.buscalibre.com/5b5824e08863b5bb2c8b4568.__RS180x180__.jpg;11
92;Software Architecture: Principles and Practice (libro en Ingles);No hay informacion;libro bueno;Larsen and keller education;No hay informacion;No hay informacion;https://images.cdn3.buscalibre.com/fit-in/180x180/1d/0b/1d0b1c09a580bb29ccdd19a4ccd425e0.jpg;11
93;Essential Software Architecture (libro en Ingles);Ian gorton;libro bueno;Springer;3642191754;No hay informacion;https://images.cdn2.buscalibre.com/fit-in/180x180/8d/7c/8d7c0b0dbb1a041759a275dd21e1e213.jpg;14
94;lean architecture for agile software development;James o. coplien Gertrud bjørnvig;libro bueno;Wiley;470684208;No hay informacion;https://images.cdn1.buscalibre.com/fit-in/180x180/ef/1f/ef1ff3954142f3a530ff697149ae507c.jpg;19
95;Sustainable Software Architecture: Analyze and Reduce Technical Debt (libro en Ingles);Carola lilienthal;libro bueno;Rocky nook;No hay informacion;No hay informacion;https://images.cdn2.buscalibre.com/fit-in/180x180/33/e5/33e55afd875296210b3d354a459baf56.jpg;19
96;Software Defined Networks: Architecture and Applications (libro en Ingles);No hay informacion;libro bueno;No hay informacion;No hay informacion;No hay informacion;https://images.cdn2.buscalibre.com/fit-in/180x180/fb/92/fb927913402c7a33f174f068f0829f73.jpg;11
97;Software and Systems Architecture in Action (Applied Software Engineering Series) (libro en Ingles);Raghvinder s. sangwan;libro bueno;Auerbach publications;No hay informacion;No hay informacion;https://images.cdn2.buscalibre.com/fit-in/180x180/0a/06/0a062163ee83158d06e785fca24199fe.jpg;20
98;Software Architecture 1 (computer Engineering (wiley));Mourad chabane oussalah;libro bueno;John wiley & sons;No hay informacion;No hay informacion;https://images.cdn1.buscalibre.com/fit-in/180x180/05/ac/05ac180b40191516711aadd9f9f9cee9.jpg;14
99;Architecture of Reliable Web Applications Software;Radaideh, moh'd a.;libro bueno;Idea group publishing;1599041839;No hay informacion;https://images.cdn2.buscalibre.com/fit-in/180x180/5c/07/5c07501bfe20505043ca9ff1fa857861.jpg;16
100;Derecho Constitucional;Carlos blancas bustamante;libro bueno;Fondo editorial pucp;No hay informacion;Derecho;https://images.cdn1.buscalibre.com/fit-in/180x180/c4/7b/c47b8a9ed4caf9714c767c12d33688bd.jpg;15
101;Derecho Constitucional Economico;Baldo kresalja rosello,cesar ochoa;libro bueno;Fondo editorial pucp;No hay informacion;Derecho;https://images.cdn2.buscalibre.com/fit-in/180x180/6a/5b/6a5b11f2a1a45cf9e57a2d92b6e8aa78.jpg;11
102;Manual de derecho procesal constitucional;Samuel b. abad yupanqui;libro bueno;Palestra editores;No hay informacion;Derecho;https://images.cdn1.buscalibre.com/fit-in/180x180/06/77/0677b4dfae2556574a29632b97221d77.jpg;12
103;Derecho Administrativo y Justicia Constitucional;Pierre bon;libro bueno;Palestra editores;No hay informacion;No hay informacion;https://images.cdn2.buscalibre.com/fit-in/180x180/dd/b7/ddb78c97d1cd5cfa1791e31591e4f07c.jpg;14
104;Aspectos basicos para entender el derecho del Estado constitucional;Rocio villanueva flores;libro bueno;Fondo editorial de la pucp;No hay informacion;Derecho constitucional;https://images.cdn2.buscalibre.com/fit-in/180x180/b3/4a/b34a8db33ac8508d0486cdb6d1daf3fe.jpg;12
105;Derecho Constitucional Chileno Tomo iv;Jose luis cea egaña;libro bueno;Ediciones uc;No hay informacion;No hay informacion;https://images.cdn1.buscalibre.com/fit-in/180x180/65/17/6517041d00aed29e19e56e9b52b0e3ce.jpg;10
106;Derecho Constitucional en la era de la Ponderacion, el;T. alexander aleinikoff;libro bueno;Palestra;6124047446;Derecho constitucional y ciencias politicas;https://images.cdn2.buscalibre.com/fit-in/180x180/93/a1/93a11098ae69b6c753044c3cd5d9f481.jpg;15
107;Derecho Constitucional Chileno Tomo ii. Derechos, Deberes y Garantia.;Jose luis cea egaña;libro bueno;Ediciones uc;9789561424296;No hay informacion;https://images.cdn2.buscalibre.com/fit-in/180x180/1f/f9/1ff9696f232370888d1e33491f7094b3.jpg;13
108;Democracia, Derechos Sociales y Jurisdiccion Constitucional. Jornadas Sudamericanas de Derecho Constitucional;Asociacion chilena de derecho constitucional;libro bueno;Der ediciones;No hay informacion;No hay informacion;https://images.cdn2.buscalibre.com/fit-in/180x180/61/49/6149138377349f1adc78e6dedaf399e3.jpg;15
109;Temas de derecho internacional para el dialogo constitucional chileno;Sebastian lopez escarcena;libro bueno;Ediciones uc;9789561428454;No ficcion;https://images.cdn1.buscalibre.com/fit-in/180x180/a9/73/a973ce7231ddf0da116148acd2dc7819.jpg;18
110;En Defensa del Estado Constitucional de Derecho;Josep aguilo regla;libro bueno;Palestra editores;9786123251819;Derecho;https://statics.cdn1.buscalibre.com/no_image/ni9.__RS180x180__.jpg;16
111;Derechos, Cambio Constitucional y Teoria Juridica. Escritos de Derecho Constitucional y Teoria del Derecho.;Carlos bernal pulido;libro bueno;U. externado de colombia;No hay informacion;Derecho;https://images.cdn1.buscalibre.com/fit-in/180x180/8f/b5/8fb5f5bd11377d7325475259c2815a0f.jpg;15
112;Derecho Constitucional Economico Tomo ii;Arturo fermandois v.;libro bueno;Ediciones uc;956141404x;No hay informacion;https://images.cdn1.buscalibre.com/fit-in/180x180/44/97/4497b0cfb6be86120e709a01332b4efc.jpg;15
113;Curso de Derecho Constitucional Tomo ii;Angela vivanco martinez;libro bueno;Ediciones uc;No hay informacion;No hay informacion;https://images.cdn2.buscalibre.com/fit-in/180x180/56/ac/56ac0800508a80a88cbc098f0d835e94.jpg;12
114;Derecho Constitucional Chileno i;Cea egaña, jose luis;libro bueno;Ediciones uc;No hay informacion;No hay informacion;https://images.cdn1.buscalibre.com/fit-in/180x180/dc/65/dc65ffa586f948b5e60a056ef65d2511.jpg;14
115;el estado del derecho: introduccion al derecho constitucional;Michel miaille;libro bueno;Ediciones coyoacan;No hay informacion;No hay informacion;https://image.cdn1.buscalibre.com/513e3322f2af8cf12ba25049.__RS180x180__.jpg;19
116;Ensayos De Derecho Constitucional Y Procesal Constitucional;Domingo garcia belaunde;libro bueno;Ediciones juridicas olejnik (chile);No hay informacion;No hay informacion;https://image.cdn0.buscalibre.com/5b56b32290f0b5ce3a8b4568.__RS180x180__.jpg;12
117;Derecho Constitucional Chileno Tomo iii;Jos&eacute luis cea ega&ntilde a;libro bueno;Ediciones uc;No hay informacion;No hay informacion;https://images.cdn2.buscalibre.com/fit-in/180x180/ed/9d/ed9d442e03dcbff6092334cf8502f496.jpg;10
118;Elementos de Derecho Constitucional;Miguel carbonell;libro bueno;Distribuciones fontamara;9786077360360;No hay informacion;https://images.cdn3.buscalibre.com/fit-in/180x180/7d/63/7d634d46095f918cfe9c8e5e7015ad53.jpg;15
119;derecho constitucional aplicado;Arturo fermandois;libro bueno;Ediciones universidad catolica de chile;No hay informacion;No hay informacion;https://statics.cdn1.buscalibre.com/no_image/ni9.__RS180x180__.jpg;12
120;Derecho Procesal Constitucional Aleman;Leonardo martins;libro bueno;Porrua;6070909194;Libros en español;https://images.cdn2.buscalibre.com/fit-in/180x180/f1/c9/f1c956897518f5f0c9438ff20af96f76.jpg;16
121;Filosofia del Derecho Positivo. Manual de Teoria del Derecho en el Estado Constitucional;Riccardo guastini;libro bueno;Palestra;No hay informacion;Derecho;https://images.cdn1.buscalibre.com/fit-in/180x180/98/07/9807887c555f4ea26eb292f22d4913c4.jpg;13
122;Derecho Constitucional;Paolo biscaretti di ruffia;libro bueno;Ediciones olejnik;No hay informacion;No hay informacion;https://images.cdn3.buscalibre.com/fit-in/180x180/30/ac/30acf7faf55ecfb88058807492644f1e.jpg;14
123;Maestros del Derecho Constitucional;Varios autores;libro bueno;Astrea;No hay informacion;Derecho;https://images.cdn2.buscalibre.com/fit-in/180x180/68/f5/68f55b237ccd27712d00e53feeb6bfc3.jpg;14
124;Derecho Constitucional e Instituciones Politicas;Georges burdeau;libro bueno;Ediciones olejnik;No hay informacion;No hay informacion;https://images.cdn1.buscalibre.com/fit-in/180x180/59/84/598483132490adffcea2f89ded45a642.jpg;19
125;Derecho Constitucional de la Globalizacion, el;Ignacio gutierrezgutierrez, michael stolleis, andreas paulus;libro bueno;Fontamara;9786077362258;Derecho constitucional;https://images.cdn1.buscalibre.com/fit-in/180x180/66/57/665738e56311877dddc8ec649cfa29c8.jpg;11
126;Introduccion al Derecho Constitucional Comparado;Paolo biscaretti di ruffia;libro bueno;Fondo de cultura economica;9789583800627;Libros de derecho;https://statics.cdn1.buscalibre.com/no_image/ni9.__RS180x180__.jpg;17
127;Derecho Constitucional en Construccion;Libros de ignacio gutierrez gutierrez;libro bueno;Derecho global;9786079783037;Derecho;https://images.cdn1.buscalibre.com/fit-in/180x180/ce/98/ce98e4054a565e75ee24911a98319d07.jpg;12
128;Derecho Constitucional: Sistema de Fuentes;Ignacio de otto y pardo;libro bueno;Ariel;8434415305;No hay informacion;https://images.cdn3.buscalibre.com/fit-in/180x180/a1/9f/a19f2a3e366cdf09b3a1db304fb718df.jpg;19
129;Derecho Constitucional Contemporaneo;Lief h. carter;libro bueno;Ediciones olejnik;No hay informacion;No hay informacion;https://images.cdn1.buscalibre.com/fit-in/180x180/ed/8e/ed8e857c03cabd35902eb532220f33f6.jpg;10
130;Introd. Derecho Constitucional Comparado;Ruffia di;libro bueno;Fondo de cultura economica;9681648021;Politica;https://images.cdn1.buscalibre.com/fit-in/180x180/07/d1/07d1a5c74e58ef9667fc48956dfc6c32.jpg;10
131;Lecciones de Derecho Publico Constitucional;Ramon salas;libro bueno;Centro est.constitucionales;8425906687;No hay informacion;https://images.cdn2.buscalibre.com/fit-in/180x180/f6/93/f693b6a47803a59454d08dc608125770.jpg;19
132;Derecho Procesal Constitucional;Landa;libro bueno;Fondo editorial de la pontificia universidad;No hay informacion;No hay informacion;https://statics.cdn1.buscalibre.com/no_image/ni9.__RS180x180__.jpg;13
133;Elementos de Derecho Constitucional Canonico;Javier hervada xiberta;libro bueno;Eunsa. ediciones universidad de navarra, s.a.;No hay informacion;No hay informacion;https://images.cdn3.buscalibre.com/fit-in/180x180/af/82/af829dea29cb88e5bf84ad870f5a5647.jpg;17
134;Juicio Politico. Estudio Historico y de Derecho Constitucional;Vicente c. gallo;libro bueno;Ediciones olejnik;No hay informacion;No hay informacion;https://images.cdn1.buscalibre.com/fit-in/180x180/b8/9f/b89f25a1d4e0d5f447bb5af156b140c0.jpg;10
135;La Universalidad de los Derechos Humanos y el Estado Constitucional;Antonio-enrique perez luño;libro bueno;Universidad externado de colombia;9586166333;Derechos humanos;https://images.cdn3.buscalibre.com/fit-in/180x180/6c/90/6c9068918d62969bad091d0359fa73e1.jpg;13
136;Lecciones de Derecho Constitucional Tomo i;Magdalena correa henao;libro bueno;Universidad externado de colombia;No hay informacion;Temas varios;https://images.cdn2.buscalibre.com/fit-in/180x180/b8/ad/b8ad44f38d490dcc500341501de46237.jpg;18
137;Manual de Derecho Constitucional: Estructura y Organizacion Constitucional del Estado Mexicano (Politica y Derecho;Daniel barcelo rojas francisca pou gimene  jose maria serna de la garza;libro bueno;Fondo de cultura economica;No hay informacion;No hay informacion;https://images.cdn3.buscalibre.com/fit-in/180x180/72/bd/72bdd497eb6533ea73009bf0155746bc.jpg;17
138;Derecho Constitucional Colombiano;Diego younes moreno;libro bueno;Legis;No hay informacion;Derecho;https://images.cdn1.buscalibre.com/fit-in/180x180/e3/85/e385c23546ecba56aea4c299e5f55cac.jpg;18
139;Derecho Procesal Constitucional E Interpretacion De La Constitucion;Jorge leon vasquez;libro bueno;Palestra editores;No hay informacion;No hay informacion;https://images.cdn1.buscalibre.com/fit-in/180x180/7c/0a/7c0adc3d7945648af06015223e7c26ed.jpg;17
140;Principios, Valores e Instituciones: El Departamento de Derecho Publico uc Ante el Cambio Constitucional. Reflexiones y Propuestas;Arturo fermandois v.;libro bueno;Ediciones uc;No hay informacion;No hay informacion;https://image.cdn0.buscalibre.com/60e3948e8463b5f3158b51ff.__RS180x180__.jpg;18
141;Derechos de la Naturaleza en Chile. Argumentos Para su Desarrollo Constitucional.;Javiera barandiaran, et alii;libro bueno;Ocho libros editores spa;No hay informacion;Derecho constitucional, derecho ambiental;https://images.cdn3.buscalibre.com/fit-in/180x180/ba/86/ba86775a2837264c61b6d8dea8eaabf0.jpg;20
142;Derecho Constitucional Economico. Tomo i: Economia Social de Mercado y Derechos Economicos Fundamentales;Baldo kresalja rossello cesar ochoa cardich;libro bueno;Fondo editorial de la pontificia universidad catolica del peru;No hay informacion;No hay informacion;https://images.cdn3.buscalibre.com/fit-in/180x180/96/5e/965efd737ed0dbf8ff4026ce7519426f.jpg;14
143;la teoria del derecho en el paradigma constitucional;Luigi ferrajoli;libro bueno;Distribuciones fontamara;No hay informacion;No hay informacion;https://images.cdn1.buscalibre.com/fit-in/180x180/48/42/484202e2f9bd3021613dc59202dbc488.jpg;16
144;Del Estado Legal al Constitucional de Derecho;Carpizo aguilar, enrique;libro bueno;Ediciones juridicas de santiago;No hay informacion;No hay informacion;https://statics.cdn1.buscalibre.com/no_image/ni9.__RS180x180__.jpg;20
145;Derecho Procesal Constitucional Brasilero;Luiz guilherme marinoni;libro bueno;No hay informacion;6070914554;No hay informacion;https://images.cdn2.buscalibre.com/fit-in/180x180/32/2a/322a2a5259ca64c4db12710852c68456.jpg;16
146;Asuntos Comparativos. El Renacimiento del Derecho Constitucional Comparado. Serie Internedia de Teoria Juridica y Filosofia del Derecho N°. 13;Ran hirschl;libro bueno;U. externado de colombia;No hay informacion;Derecho;https://images.cdn2.buscalibre.com/fit-in/180x180/a4/d1/a4d125cabf233f0a4e74c8d9916e414a.jpg;11
147;Instituciones Politicas y Derecho Constitucional;M. duverger;libro bueno;Ediciones ariel;No hay informacion;No hay informacion;https://statics.cdn1.buscalibre.com/no_image/ni9.__RS180x180__.jpg;15
148;El Constitucionalismo, Proceso de Formacion y Fundamentos del Derecho Constitucional;Rafael jimenez asensio;libro bueno;Marcial pons;8497682521;No hay informacion;https://images.cdn2.buscalibre.com/fit-in/180x180/5c/c4/5cc4dc437b2eb88b295dcceaca00734b.jpg;15
149;Derecho Constitucional;Carlos blancas bustamante;libro bueno;Fondo editorial pucp;No hay informacion;Derecho;https://images.cdn1.buscalibre.com/fit-in/180x180/c4/7b/c47b8a9ed4caf9714c767c12d33688bd.jpg;20
150;Derecho Constitucional Economico;Baldo kresalja rosello,cesar ochoa;libro bueno;Fondo editorial pucp;No hay informacion;Derecho;https://images.cdn2.buscalibre.com/fit-in/180x180/6a/5b/6a5b11f2a1a45cf9e57a2d92b6e8aa78.jpg;13
151;Manual de derecho procesal constitucional;Samuel b. abad yupanqui;libro bueno;Palestra editores;No hay informacion;Derecho;https://images.cdn1.buscalibre.com/fit-in/180x180/06/77/0677b4dfae2556574a29632b97221d77.jpg;16
152;Derecho Administrativo y Justicia Constitucional;Pierre bon;libro bueno;Palestra editores;No hay informacion;No hay informacion;https://images.cdn2.buscalibre.com/fit-in/180x180/dd/b7/ddb78c97d1cd5cfa1791e31591e4f07c.jpg;19
153;Aspectos basicos para entender el derecho del Estado constitucional;Rocio villanueva flores;libro bueno;Fondo editorial de la pucp;No hay informacion;Derecho constitucional;https://images.cdn2.buscalibre.com/fit-in/180x180/b3/4a/b34a8db33ac8508d0486cdb6d1daf3fe.jpg;13
154;Derecho Constitucional Chileno Tomo iv;Jose luis cea egaña;libro bueno;Ediciones uc;No hay informacion;No hay informacion;https://images.cdn1.buscalibre.com/fit-in/180x180/65/17/6517041d00aed29e19e56e9b52b0e3ce.jpg;10
155;Derecho Constitucional en la era de la Ponderacion, el;T. alexander aleinikoff;libro bueno;Palestra;6124047446;Derecho constitucional y ciencias politicas;https://images.cdn2.buscalibre.com/fit-in/180x180/93/a1/93a11098ae69b6c753044c3cd5d9f481.jpg;15
156;Derecho Constitucional Chileno Tomo ii. Derechos, Deberes y Garantia.;Jose luis cea egaña;libro bueno;Ediciones uc;9789561424296;No hay informacion;https://images.cdn2.buscalibre.com/fit-in/180x180/1f/f9/1ff9696f232370888d1e33491f7094b3.jpg;12
157;Democracia, Derechos Sociales y Jurisdiccion Constitucional. Jornadas Sudamericanas de Derecho Constitucional;Asociacion chilena de derecho constitucional;libro bueno;Der ediciones;No hay informacion;No hay informacion;https://images.cdn2.buscalibre.com/fit-in/180x180/61/49/6149138377349f1adc78e6dedaf399e3.jpg;12
158;Temas de derecho internacional para el dialogo constitucional chileno;Sebastian lopez escarcena;libro bueno;Ediciones uc;9789561428454;No ficcion;https://images.cdn1.buscalibre.com/fit-in/180x180/a9/73/a973ce7231ddf0da116148acd2dc7819.jpg;17
159;En Defensa del Estado Constitucional de Derecho;Josep aguilo regla;libro bueno;Palestra editores;9786123251819;Derecho;https://statics.cdn1.buscalibre.com/no_image/ni9.__RS180x180__.jpg;13
160;Derechos, Cambio Constitucional y Teoria Juridica. Escritos de Derecho Constitucional y Teoria del Derecho.;Carlos bernal pulido;libro bueno;U. externado de colombia;No hay informacion;Derecho;https://images.cdn1.buscalibre.com/fit-in/180x180/8f/b5/8fb5f5bd11377d7325475259c2815a0f.jpg;15
161;Derecho Constitucional Economico Tomo ii;Arturo fermandois v.;libro bueno;Ediciones uc;956141404x;No hay informacion;https://images.cdn1.buscalibre.com/fit-in/180x180/44/97/4497b0cfb6be86120e709a01332b4efc.jpg;18
162;Curso de Derecho Constitucional Tomo ii;Angela vivanco martinez;libro bueno;Ediciones uc;No hay informacion;No hay informacion;https://images.cdn2.buscalibre.com/fit-in/180x180/56/ac/56ac0800508a80a88cbc098f0d835e94.jpg;10
163;Derecho Constitucional Chileno i;Cea egaña, jose luis;libro bueno;Ediciones uc;No hay informacion;No hay informacion;https://images.cdn1.buscalibre.com/fit-in/180x180/dc/65/dc65ffa586f948b5e60a056ef65d2511.jpg;13
164;el estado del derecho: introduccion al derecho constitucional;Michel miaille;libro bueno;Ediciones coyoacan;No hay informacion;No hay informacion;https://image.cdn1.buscalibre.com/513e3322f2af8cf12ba25049.__RS180x180__.jpg;19
165;Ensayos De Derecho Constitucional Y Procesal Constitucional;Domingo garcia belaunde;libro bueno;Ediciones juridicas olejnik (chile);No hay informacion;No hay informacion;https://image.cdn0.buscalibre.com/5b56b32290f0b5ce3a8b4568.__RS180x180__.jpg;19
166;Derecho Constitucional Chileno Tomo iii;Jos&eacute luis cea ega&ntilde.a;libro bueno;Ediciones uc;No hay informacion;No hay informacion;https://images.cdn2.buscalibre.com/fit-in/180x180/ed/9d/ed9d442e03dcbff6092334cf8502f496.jpg;10
167;Elementos de Derecho Constitucional;Miguel carbonell;libro bueno;Distribuciones fontamara;9786077360360;No hay informacion;https://images.cdn3.buscalibre.com/fit-in/180x180/7d/63/7d634d46095f918cfe9c8e5e7015ad53.jpg;16
168;derecho constitucional aplicado;Arturo fermandois;libro bueno;Ediciones universidad catolica de chile;No hay informacion;No hay informacion;https://statics.cdn1.buscalibre.com/no_image/ni9.__RS180x180__.jpg;15
169;Derecho Procesal Constitucional Aleman;Leonardo martins;libro bueno;Porrua;6070909194;Libros en español;https://images.cdn2.buscalibre.com/fit-in/180x180/f1/c9/f1c956897518f5f0c9438ff20af96f76.jpg;16
170;Filosofia del Derecho Positivo. Manual de Teoria del Derecho en el Estado Constitucional;Riccardo guastini;libro bueno;Palestra;No hay informacion;Derecho;https://images.cdn1.buscalibre.com/fit-in/180x180/98/07/9807887c555f4ea26eb292f22d4913c4.jpg;20
171;Derecho Constitucional;Paolo biscaretti di ruffia;libro bueno;Ediciones olejnik;No hay informacion;No hay informacion;https://images.cdn3.buscalibre.com/fit-in/180x180/30/ac/30acf7faf55ecfb88058807492644f1e.jpg;20
172;Maestros del Derecho Constitucional;Varios autores;libro bueno;Astrea;No hay informacion;Derecho;https://images.cdn2.buscalibre.com/fit-in/180x180/68/f5/68f55b237ccd27712d00e53feeb6bfc3.jpg;15
173;Derecho Constitucional e Instituciones Politicas;Georges burdeau;libro bueno;Ediciones olejnik;No hay informacion;No hay informacion;https://images.cdn1.buscalibre.com/fit-in/180x180/59/84/598483132490adffcea2f89ded45a642.jpg;15
174;Derecho Constitucional de la Globalizacion, el;Ignacio gutierrezgutierrez, michael stolleis, andreas paulus;libro bueno;Fontamara;9786077362258;Derecho constitucional;https://images.cdn1.buscalibre.com/fit-in/180x180/66/57/665738e56311877dddc8ec649cfa29c8.jpg;16
175;Introduccion al Derecho Constitucional Comparado;Paolo biscaretti di ruffia;libro bueno;Fondo de cultura economica;9789583800627;Libros de derecho;https://statics.cdn1.buscalibre.com/no_image/ni9.__RS180x180__.jpg;10
176;Derecho Constitucional en Construccion;Libros de ignacio gutierrez gutierrez;libro bueno;Derecho global;9786079783037;Derecho;https://images.cdn1.buscalibre.com/fit-in/180x180/ce/98/ce98e4054a565e75ee24911a98319d07.jpg;14
177;Derecho Constitucional: Sistema de Fuentes;Ignacio de otto y pardo;libro bueno;Ariel;8434415305;No hay informacion;https://images.cdn3.buscalibre.com/fit-in/180x180/a1/9f/a19f2a3e366cdf09b3a1db304fb718df.jpg;13
178;Derecho Constitucional Contemporaneo;Lief h. carter;libro bueno;Ediciones olejnik;No hay informacion;No hay informacion;https://images.cdn1.buscalibre.com/fit-in/180x180/ed/8e/ed8e857c03cabd35902eb532220f33f6.jpg;11
179;Introd. Derecho Constitucional Comparado;Ruffia di;libro bueno;Fondo de cultura economica;9681648021;Politica;https://images.cdn1.buscalibre.com/fit-in/180x180/07/d1/07d1a5c74e58ef9667fc48956dfc6c32.jpg;18
180;Lecciones de Derecho Publico Constitucional;Ramon salas;libro bueno;Centro est.constitucionales;8425906687;No hay informacion;https://images.cdn2.buscalibre.com/fit-in/180x180/f6/93/f693b6a47803a59454d08dc608125770.jpg;11
181;Derecho Procesal Constitucional;Landa;libro bueno;Fondo editorial de la pontificia universidad;No hay informacion;No hay informacion;https://statics.cdn1.buscalibre.com/no_image/ni9.__RS180x180__.jpg;15
182;Elementos de Derecho Constitucional Canonico;Javier hervada xiberta;libro bueno;Eunsa. ediciones universidad de navarra, s.a.;No hay informacion;No hay informacion;https://images.cdn3.buscalibre.com/fit-in/180x180/af/82/af829dea29cb88e5bf84ad870f5a5647.jpg;15
183;Juicio Politico. Estudio Historico y de Derecho Constitucional;Vicente c. gallo;libro bueno;Ediciones olejnik;No hay informacion;No hay informacion;https://images.cdn1.buscalibre.com/fit-in/180x180/b8/9f/b89f25a1d4e0d5f447bb5af156b140c0.jpg;15
184;La Universalidad de los Derechos Humanos y el Estado Constitucional;Antonio-enrique perez luño;libro bueno;Universidad externado de colombia;9586166333;Derechos humanos;https://images.cdn3.buscalibre.com/fit-in/180x180/6c/90/6c9068918d62969bad091d0359fa73e1.jpg;11
185;Lecciones de Derecho Constitucional Tomo i;Magdalena correa henao;libro bueno;Universidad externado de colombia;No hay informacion;Temas varios;https://images.cdn2.buscalibre.com/fit-in/180x180/b8/ad/b8ad44f38d490dcc500341501de46237.jpg;12
186;Manual de Derecho Constitucional: Estructura y Organizacion Constitucional del Estado Mexicano (Politica y Derecho;Daniel barcelo rojas francisca pou gimenez jose maria serna de la garza;libro bueno;Fondo de cultura economica;No hay informacion;No hay informacion;https://images.cdn3.buscalibre.com/fit-in/180x180/72/bd/72bdd497eb6533ea73009bf0155746bc.jpg;18
187;Derecho Constitucional Colombiano;Diego younes moreno;libro bueno;Legis;No hay informacion;Derecho;https://images.cdn1.buscalibre.com/fit-in/180x180/e3/85/e385c23546ecba56aea4c299e5f55cac.jpg;12
188;Derecho Procesal Constitucional E Interpretacion De La Constitucion;Jorge leon vasquez;libro bueno;Palestra editores;No hay informacion;No hay informacion;https://images.cdn1.buscalibre.com/fit-in/180x180/7c/0a/7c0adc3d7945648af06015223e7c26ed.jpg;16
189;Principios, Valores e Instituciones: El Departamento de Derecho Publico uc Ante el Cambio Constitucional. Reflexiones y Propuestas;Arturo fermandois v.;libro bueno;Ediciones uc;No hay informacion;No hay informacion;https://image.cdn0.buscalibre.com/60e3948e8463b5f3158b51ff.__RS180x180__.jpg;12
190;Derechos de la Naturaleza en Chile. Argumentos Para su Desarrollo Constitucional.;Javiera barandiaran, et alii;libro bueno;Ocho libros editores spa;No hay informacion;Derecho constitucional, derecho ambiental;https://images.cdn3.buscalibre.com/fit-in/180x180/ba/86/ba86775a2837264c61b6d8dea8eaabf0.jpg;18
191;Derecho Constitucional Economico. Tomo i: Economia Social de Mercado y Derechos Economicos Fundamentales;Baldo kresalja rossello cesar ochoa cardich;libro bueno;Fondo editorial de la pontificia universidad catolica del peru;No hay informacion;No hay informacion;https://images.cdn3.buscalibre.com/fit-in/180x180/96/5e/965efd737ed0dbf8ff4026ce7519426f.jpg;19
192;la teoria del derecho en el paradigma constitucional;Luigi ferrajoli;libro bueno;Distribuciones fontamara;No hay informacion;No hay informacion;https://images.cdn1.buscalibre.com/fit-in/180x180/48/42/484202e2f9bd3021613dc59202dbc488.jpg;10
193;Del Estado Legal al Constitucional de Derecho;Carpizo aguilar, enrique;libro bueno;Ediciones juridicas de santiago;No hay informacion;No hay informacion;https://statics.cdn1.buscalibre.com/no_image/ni9.__RS180x180__.jpg;14
194;Derecho Procesal Constitucional Brasilero;Luiz guilherme marinoni;libro bueno;No hay informacion;6070914554;No hay informacion;https://images.cdn2.buscalibre.com/fit-in/180x180/32/2a/322a2a5259ca64c4db12710852c68456.jpg;14
195;Asuntos Comparativos. El Renacimiento del Derecho Constitucional Comparado. Serie Internedia de Teoria Juridica y Filosofia del Derecho N°. 13;Ran hirschl;libro bueno;U. externado de colombia;No hay informacion;Derecho;https://images.cdn2.buscalibre.com/fit-in/180x180/a4/d1/a4d125cabf233f0a4e74c8d9916e414a.jpg;20
196;Instituciones Politicas y Derecho Constitucional;M. duverger;libro bueno;Ediciones ariel;No hay informacion;No hay informacion;https://statics.cdn1.buscalibre.com/no_image/ni9.__RS180x180__.jpg;14
197;El Constitucionalismo, Proceso de Formacion y Fundamentos del Derecho Constitucional;Rafael jimenez asensio;libro bueno;Marcial pons;8497682521;No hay informacion;https://images.cdn2.buscalibre.com/fit-in/180x180/5c/c4/5cc4dc437b2eb88b295dcceaca00734b.jpg;20
198;Psicologia Analitica;Carl gustav jung;libro bueno;La otra h;No hay informacion;No hay informacion;https://images.cdn1.buscalibre.com/fit-in/180x180/9b/1d/9b1db1b24d4910247c39cc0889d0f324.jpg;16
199;La Psicologia del Dinero;Morgan housel;libro bueno;Paidos;No hay informacion;Empresa;https://images.cdn1.buscalibre.com/fit-in/180x180/3f/8b/3f8b8b16584fd3b8a9299280f2f4842f.jpg;19
200;Psicologia Social;Ivan labra;libro bueno;Lom;9789567369522;No hay informacion;https://images.cdn2.buscalibre.com/fit-in/180x180/22/19/22195c7da9eca745d7d217e852e2b07b.jpg;16
201;La Psicologia del Dinero;Ruediger dahlke;libro bueno;Oceano ambar;8475567746;No hay informacion;https://images.cdn2.buscalibre.com/fit-in/180x180/4b/db/4bdb4cd07770c2defddeb855d08a8d56.jpg;12
202;La Psicologia de la Inteligencia;Piaget, jean;libro bueno;Siglo xxi;No hay informacion;No hay informacion;https://images.cdn1.buscalibre.com/fit-in/180x180/70/5c/705c42d7cb87e8371cbe8dc783176ff5.jpg;16
203;Manual de Psicologia;Adriana edwards, luz &nbsp figueroa;libro bueno;Zig-zag;9789561228191;No hay informacion;https://images.cdn1.buscalibre.com/fit-in/180x180/f5/0a/f50aa8706ff27446f576de9b56da0ae1.jpg;15
204;La Biblia de la Psicologia;Sandi mann;libro bueno;Gaia ediciones;No hay informacion;No hay informacion;https://images.cdn2.buscalibre.com/fit-in/180x180/07/52/075261e524671aa69a2d39584040da94.jpg;11
205;Psicologia de Ventas;Brian tracy;libro bueno;Grupo nelson;881138681;No hay informacion;https://images.cdn3.buscalibre.com/fit-in/180x180/3b/5e/3b5ecc8e924d23bac8ce658a63b0fc16.jpg;16
206;Introduccion a la Psicologia en Viñetas;Reclasificar;libro bueno;Ediciones b;No hay informacion;No hay informacion;https://images.cdn1.buscalibre.com/fit-in/180x180/e5/91/e59106561b28e6ec9b8eeb5c764025bd.jpg;12
207;La Psicologa;Helene flood;libro bueno;Planeta;9789584286659;No hay informacion;https://images.cdn1.buscalibre.com/fit-in/180x180/52/28/5228a5a5865bc53703ae1538a4648d22.jpg;15
208;Psicologia del Lenguaje;Jaime bermeosolo;libro bueno;Ediciones uc;9789561412453;No hay informacion;https://images.cdn1.buscalibre.com/fit-in/180x180/2d/60/2d60dc47ec9d0d6c59fb23ea0d078ae5.jpg;10
209;La Psicologia del Dinero;Morgan housel;libro bueno;Planeta;9789584299680;No hay informacion;https://images.cdn2.buscalibre.com/fit-in/180x180/db/2b/db2b538974143607a817fbc28577cb09.jpg;13
210;Fundacion Historica de una Psicologia Fenomenologica;Luis hernan berwart torrens;libro bueno;Universidad finis terrae;9789567757657;Psicologia;https://images.cdn1.buscalibre.com/fit-in/180x180/41/c8/41c8aa094c880fa1f8ceebef12b44a95.jpg;16
211;Psicologia Oscura: Domina los Secretos Avanzados de: La Guerrilla Psicologica, Persuasion, pnl Oscura, Control Mental, Terapia Cognitivo Conducta, Manipulacion y Psicologia Humana;R. j. anderson;libro bueno;Alakai publishing llc;No hay informacion;No hay informacion;https://images.cdn3.buscalibre.com/fit-in/180x180/58/fd/58fd0b6251c81a0206e4ae04fd394a04.jpg;19
212;Investigacion Orientada al Cambio en Psicologia Educacional;Jorge catalan;libro bueno;Editorial universidad de la serena;No hay informacion;Ebooks;https://images.cdn3.buscalibre.com/fit-in/180x180/06/72/0672900afe1fec9478fb71d5270529d9.jpg;12
213;Psicologia del Terrorismo;John horgan;libro bueno;Gedisa;8474325463;No hay informacion;https://images.cdn3.buscalibre.com/fit-in/180x180/86/9d/869d4fabe33edb450502ec7ec04df0b5.jpg;10
214;Psicologia Oscura: Una Guia Esencial de Persuasion, Manipulacion, Engaño, Control Mental, Negociacion, Conducta Humana, pnl y Guerra Psicologica;Steven turner;libro bueno;Bravex publications;No hay informacion;No hay informacion;https://images.cdn3.buscalibre.com/fit-in/180x180/1e/37/1e377499ff1752271fddf74002f46d3b.jpg;20
215;Era de las Multitudes un Tratado Historico de Psicologia de Masas (Psicologia Psiquiatria y Psicoana;Serge moscovici;libro bueno;Fondo de cultura economica;9681614488;Medicina;https://images.cdn3.buscalibre.com/fit-in/180x180/c2/4d/c24de6a1465e8ce4afab4891a2c2d04d.jpg;15
216;Influencia la Psicologia de Persuasion;Robert cialdini;libro bueno;Harpercollins;9788491396901;No hay informacion;https://images.cdn1.buscalibre.com/fit-in/180x180/74/00/7400be1098117164ccfef0ed2a7f4df7.jpg;18
217;Psicologia Educacional. Proponiendo rumbos, problematicas y aportaciones;Jorge catalan (editor);libro bueno;Editorial universidad de la serena;9789567393589;Psicologia;https://image.cdn0.buscalibre.com/60e394918463b5f3158b53ac.__RS180x180__.jpg;18
218;Psicologia y Pedagogia;Jean piaget;libro bueno;Siglo xxi argentina;No hay informacion;No hay informacion;https://images.cdn1.buscalibre.com/fit-in/180x180/5b/1c/5b1c131fe90ef68ab017c3f7185b4a96.jpg;19
219;6 Estudios de Psicologia;Jean piaget;libro bueno;Skla;9789587231472;No hay informacion;https://images.cdn1.buscalibre.com/fit-in/180x180/73/99/7399625350e7035fe5ce39d2021e4ef4.jpg;16
220;Psicologia del Exito;Mario luna;libro bueno;Corre la voz s.l.;9788460681670;No hay informacion;https://images.cdn2.buscalibre.com/fit-in/180x180/42/18/421869df44f8287c395c5665768aa789.jpg;19
221;Psicologia Social;David myers;libro bueno;Mcgraw hill;9781456269999;No hay informacion;https://images.cdn1.buscalibre.com/fit-in/180x180/76/52/76522280652f390cfc71b3bf7f1c7260.jpg;17
222;Psicologia Budista;Chögyam trungpa;libro bueno;Kairos;8472451968;No hay informacion;https://images.cdn1.buscalibre.com/fit-in/180x180/df/6c/df6cd79bc95adad8a668e8b79b21ab24.jpg;15
223;La Cabala: La Psicologia del Misticismo Judio;Mario javier saban cuño;libro bueno;Kairos;No hay informacion;No hay informacion;https://images.cdn3.buscalibre.com/fit-in/180x180/68/0c/680ce428382a170af3feb094a0cc4bb6.jpg;11
224;Psicologia;Christian jarret;libro bueno;Librero ibp;No hay informacion;No hay informacion;https://images.cdn3.buscalibre.com/fit-in/180x180/54/af/54af82aab6bf01f9172a4315ef8c6055.jpg;10
225;Metapericia psicologia forense;Varios autores;libro bueno;Ediciones de la u;9789587923445;No hay informacion;https://images.cdn1.buscalibre.com/fit-in/180x180/48/83/488391c8b39b18da0caaa9a2a5c716a1.jpg;12
226;Psicologia Integral;Ken wilber;libro bueno;Kairos;8472453111;No hay informacion;https://images.cdn1.buscalibre.com/fit-in/180x180/ae/82/ae824aa47970c0dbb5e1e73231461226.jpg;19
227;Psicologia Oscura: Una Guia Esencial de Persuasion, Manipulacion, Engaño, Control Mental, Negociacion, Conducta Humana, pnl y Guerra Psicologica;Steven turner;libro bueno;Ch publications;No hay informacion;No hay informacion;https://images.cdn1.buscalibre.com/fit-in/180x180/af/59/af59d9e08687c9de675e03ea1395b69c.jpg;15
228;Como Sanar una Relacion Dañada (Psicologia);Ilse sand;libro bueno;Ediciones obelisco s.l.;No hay informacion;No hay informacion;https://images.cdn2.buscalibre.com/fit-in/180x180/b7/f8/b7f85851a22f321f8bb632f0e23b2179.jpg;11
229;Psicologia Positiva Para Dummies;Averil leimon;libro bueno;Grupo planeta;No hay informacion;Libros sobre ciencias sociales;https://images.cdn3.buscalibre.com/fit-in/180x180/20/b7/20b7bc4d89de52bd79d7736f0a86d169.jpg;16
230;Psicologia Para Principiantes;Ricardo bur;libro bueno;Era naciente;987555006x;Medicina;https://images.cdn3.buscalibre.com/fit-in/180x180/68/ea/68ea4a63f641234335ba1950989063e0.jpg;11
231;Historias de la Psicologia: Contribuciones y Reconstrucciones Parciales;No hay informacion;libro bueno;Ediciones universidad alberto hurtado;No hay informacion;No hay informacion;https://images.cdn1.buscalibre.com/fit-in/180x180/83/a4/83a42440ca9019cefaacd3f6c67d9dfc.jpg;19
232;En voz Alta. Reflexiones Sobre la Psicologia;Edmundo campusano seguel;libro bueno;Mvp;No hay informacion;Psicologia;https://images.cdn1.buscalibre.com/fit-in/180x180/00/0d/000d0263f3808f648cc9462ee9267a94.jpg;14
233;El Libro de la Psicologia;Peter handke;libro bueno;Dk publishing (dorling kindersley);No hay informacion;No hay informacion;https://images.cdn2.buscalibre.com/fit-in/180x180/be/1f/be1f79c73c2dddf9736dcfb3fb894909.jpg;13
234;Economia y Psicologia;Raymundo miguel campos vazquez;libro bueno;Fondo de cultura economica;No hay informacion;Negocios e inversiones;https://images.cdn3.buscalibre.com/fit-in/180x180/2c/46/2c4622f8765c5a88b8cb780671b39ef8.jpg;14
235;Abrazame Fuerte (Psicologia);Sue johnson;libro bueno;Alba editorial;9788490655658;No hay informacion;https://images.cdn2.buscalibre.com/fit-in/180x180/13/84/13844fe6e8256a32a7c791b7d04138a9.jpg;20
236;Psicologia del Aprendizaje de las Matematicas;R. skemp;libro bueno;Morata;8471121700;No hay informacion;https://images.cdn3.buscalibre.com/fit-in/180x180/79/d3/79d38b6394aa9a671d4dedea788ccfd1.jpg;16
237;Fluir (Flow): Una Psicologia de la Felicidad;Mihaly csikszentmihalyi;libro bueno;Debolsillo;9788499890371;No hay informacion;https://images.cdn1.buscalibre.com/fit-in/180x180/4c/c8/4cc82c315b44b7dbe8abbd57e47b3413.jpg;10
238;Psicologia del Desarrollo;Diane papalia;libro bueno;Mcgraw-hill;9781456270018;No hay informacion;https://images.cdn1.buscalibre.com/fit-in/180x180/83/e8/83e81530c5d2ed30544439f0d84b899e.jpg;18
239;Cielo Azulado. Psicologia y Psicoterapia Humanista y Transpersonal: 3a Edicion;Mauricio cerda;libro bueno;Editorial universidad de la serena;9789567393657;Psicologia;https://image.cdn1.buscalibre.com/60e3948e8463b5f3158b524e.__RS180x180__.jpg;19
240;Psicologia de los Siete Pecados Capitales;Manuel villegas;libro bueno;Herder editorial;No hay informacion;No hay informacion;https://images.cdn2.buscalibre.com/fit-in/180x180/d9/0c/d90c58eaacf53a5b4f27a006b4c4b421.jpg;20
241;Historia de la Psicologia;Fernand-lucien mueller;libro bueno;Fondo de cultura economica;9681603745;No hay informacion;https://images.cdn3.buscalibre.com/fit-in/180x180/b3/03/b303cfb1bfe8ddc5cc54550d2e5c0dd2.jpg;10
242;Merito y Meritocracia: Paradojas y Promesas Incumplidas (Coleccion Psicologia);Varios autores;libro bueno;Ediciones universidad alberto hurtado;No hay informacion;No hay informacion;https://images.cdn3.buscalibre.com/fit-in/180x180/71/ab/71ab4e5b9f1aac7e0569fc468571c544.jpg;16
243;Sobre la Condicion Social de la Psicologia;Carlos perez soto;libro bueno;Lom;9560001086;No hay informacion;https://images.cdn1.buscalibre.com/fit-in/180x180/08/92/0892a1453c45f745f20bcb4da2f1da39.jpg;14
244;Psicologia del Testimonio;Giuliana mazzoni;libro bueno;Trotta;No hay informacion;Historia y estudios;https://images.cdn1.buscalibre.com/fit-in/180x180/bd/34/bd3439d633dc0573515e396db7730d82.jpg;20
245;Apuntes de Psicologia;Silo;libro bueno;Virtual ediciones ltda.;No hay informacion;No hay informacion;https://images.cdn2.buscalibre.com/fit-in/180x180/9e/7a/9e7a053678a0af4b4a4e893f20f2d7a3.jpg;20
246;Nuevas Miradas en Psicologia del Ciclo Vital;-;libro bueno;Ril editores;9789560108180;No hay informacion;https://images.cdn2.buscalibre.com/fit-in/180x180/d0/ac/d0acb28fbdab5a1e000ef00c745046d5.jpg;12
247;Redes sociales y medios de comunicacion;Varios autores;libro bueno;Aun creemos en los sueños;9789563401752;No ficcion;https://images.cdn3.buscalibre.com/fit-in/180x180/94/d1/94d100bfca392e9bbcabfc1881004652.jpg;14
248;Susi y las Redes Sociales;Mundicrom;libro bueno;Mundicrom;No hay informacion;Libros infantiles;https://images.cdn2.buscalibre.com/fit-in/180x180/34/1b/341b08f8f7e3119e4989803f8b0a0de1.jpg;14
249;Redes Sociales Tecnicas de Marketing Digital Users;Facundo boyeras agustina / tabachnik ivan / marin carolina / kaper;libro bueno;Users;No hay informacion;Marketing;https://images.cdn1.buscalibre.com/fit-in/180x180/70/5c/705c2c47439783450cc9ad1df17edd01.jpg;18
250;Redes sin Causa. Una Critica a las Redes Sociales (Uoc Press Comunicacion);Geert lovink;libro bueno;Uoc editorial;No hay informacion;No hay informacion;https://images.cdn2.buscalibre.com/fit-in/180x180/48/1e/481e5834f89c5f4027021a244094ea04.jpg;19
251;Community Manager. Estrategias de Gestion de Redes Sociales;Muñiz troyano;libro bueno;Alfaomega gpo ed;6076221194;Mercadotecnia;https://images.cdn2.buscalibre.com/fit-in/180x180/84/ab/84ab32f86ee3374f3f48ca5e1626b254.jpg;12
252;Diez Razones Para Borrar tus Redes Sociales de Inmediato;Jaron lanier;libro bueno;Debate;No hay informacion;No hay informacion;https://images.cdn3.buscalibre.com/fit-in/180x180/38/27/3827c90538a42c5c4a222884a0383031.jpg;16
253;La Trampa de las Redes Sociales;B. j. mendelson;libro bueno;Empresa activa;8496627594;No hay informacion;https://images.cdn1.buscalibre.com/fit-in/180x180/8b/0f/8b0f8a1192b34f831c9fe87ece578d5b.jpg;14
254;¿Como Funcionan las Redes Sociales?;Emmanuel tredez;libro bueno;Edebe;No hay informacion;No hay informacion;https://statics.cdn1.buscalibre.com/no_image/ni9.__RS180x180__.jpg;10
255;Como Monetizar las Redes Sociales (Coleccion Accion Empresarial);Pedro rojas aguado maria redondo rodriguez;libro bueno;Lid;9788417880200;No hay informacion;https://images.cdn1.buscalibre.com/fit-in/180x180/eb/8b/eb8be32e25d8f82cd25e7f11d90c324a.jpg;15
256;Marketing con Redes Sociales;Human level communications;libro bueno;Anaya multimedia;No hay informacion;No hay informacion;https://images.cdn1.buscalibre.com/fit-in/180x180/7c/2e/7c2eee75839dec16a8dbdb696112637f.jpg;14
257;Adolescentes y las Redes Sociales, Los. La Construccion de;Roxana morduchowicz;libro bueno;Fondo de cultura economica;9505579071;Sociologia;https://images.cdn3.buscalibre.com/fit-in/180x180/f9/d2/f9d23ab32d8cc8842b347c9f61494147.jpg;11
258;Redes Sociales y Menores. Guia Practica;Mar&iacute a l&aacute zaro &aacute vila;libro bueno;Anaya multimedia;No hay informacion;No hay informacion;https://images.cdn2.buscalibre.com/fit-in/180x180/fc/e2/fce21bc16627cf8e968d1121855d756c.jpg;19
259;El Analisis de Redes Sociales;Jose luis molina;libro bueno;Bellaterra;8472901602;No hay informacion;https://images.cdn2.buscalibre.com/fit-in/180x180/4a/f3/4af33202ea1171ebbc97d7dfff7bac07.jpg;13
260;Marketing en Redes Sociales;Varios autores;libro bueno;Alpha editorial s.a;No hay informacion;Libros de economia y finanzas;https://images.cdn2.buscalibre.com/fit-in/180x180/05/6c/056ca0c51668d3f9a27030d43f488202.jpg;15
261;Liderazgo de masas en la era de las redes sociales;Ricardo homs;libro bueno;Urano;No hay informacion;No hay informacion;https://images.cdn3.buscalibre.com/fit-in/180x180/54/d2/54d2ac4d7be90151a3aa252938b7a3cf.jpg;14
262;Redes Sociales. Cultive Relaciones y Contactos;Frank walicht;libro bueno;Panamericana;No hay informacion;Administracion de empresas;https://images.cdn3.buscalibre.com/fit-in/180x180/33/8c/338c3244726c3a1fd01b9542f83d9cb2.jpg;14
263;Marketing en redes sociales: detras de escena 3ª. Edicion;Ariel m. benedetti;libro bueno;Ediciones de la u;9789587921496;Ciencias administrativas, contables y economicas, libros, talento y liderazgo;https://images.cdn2.buscalibre.com/fit-in/180x180/40/c9/40c90cf2867e67f3235a56a10fc9f532.jpg;19
264;Tristes por Diseño: Las Redes Sociales Como Ideologia;Geert lovink;libro bueno;Consonni;No hay informacion;Ciencias de la informacion;https://images.cdn2.buscalibre.com/fit-in/180x180/c5/3a/c53aed6c50c57da518bc1597bc0b795f.jpg;16
265;Tinder y Otras Redes Sociales;Aina de cos,vicente garcia;libro bueno;Asociacion cultural del comic;No hay informacion;No hay informacion;https://images.cdn3.buscalibre.com/fit-in/180x180/2c/87/2c8765250cb31a31c1677482df18bb04.jpg;12
266;Entre redes sociales;Angelica alvites baiadera;libro bueno;Editorial eduvim;No hay informacion;No hay informacion;https://images.cdn3.buscalibre.com/fit-in/180x180/bb/62/bb62ed96e33ef4258c5543f47f0e50dc.jpg;11
267;Smartphonografia en las Redes Sociales;Daniela bowker;libro bueno;Oceano;8475568815;Fotografia;https://images.cdn2.buscalibre.com/fit-in/180x180/16/e9/16e9d34b988200280dfb4b8a0fa39eea.jpg;14
268;Redes Sociales y Sociedad Civil;F&eacute lix requena santos;libro bueno;Centro de investigaciones sociologicas;8474764629;No hay informacion;https://images.cdn3.buscalibre.com/fit-in/180x180/59/94/5994d031937a996a6a70e0bc20f2c6ed.jpg;10
269;Ciberutopias Democracia, Redes Sociales, Movimientos;Editorial porrua;libro bueno;Porrua;No hay informacion;No hay informacion;https://images.cdn3.buscalibre.com/fit-in/180x180/d5/d0/d5d07e80601095b38a250d963b3a73de.jpg;11
270;Inteligencia en Redes Sociales;Eva moya;libro bueno;Uoc (universitat oberta de catalunya);8497888790;No hay informacion;https://images.cdn2.buscalibre.com/fit-in/180x180/a9/fa/a9fa7c726c9ab25d43a31afa635c3833.jpg;13
271;Reinvencion de la Pedagogia Critica en ten Tiempos de Redes Sociales;Peter mclaren;libro bueno;Difundir;No hay informacion;Pedagogia;https://images.cdn2.buscalibre.com/fit-in/180x180/de/d1/ded1abea82df5f01f3ada83852f90f4c.jpg;13
272;Como Enseñar Utilizando las Redes Sociales;Rosario peña;libro bueno;Alfaomega grupo editor;6077076201;Libros sobre ciencias sociales;https://images.cdn3.buscalibre.com/fit-in/180x180/2f/99/2f99e2e782974265064318df1442f911.jpg;11
273;Guia de Acceso Rapido al Marketing en Redes Sociales;Gosnay ruth m.,carroll angela,richardson neil;libro bueno;Granica;9506416451;No hay informacion;https://images.cdn3.buscalibre.com/fit-in/180x180/59/da/59da75d685ffa81b8c31a13aa0cf3424.jpg;14
274;El Espectador Social: Las Redes Sociales en la Promocion Cinematografica;Elena neira;libro bueno;Editorial uoc;8490298173;No hay informacion;https://images.cdn2.buscalibre.com/fit-in/180x180/ad/c7/adc76bb3b742f4637e7bccaa824197ed.jpg;18
275;Marketing en Redes Sociales Detras de Escena;M. benedetti ariel;libro bueno;Temas grupo;No hay informacion;Marketing;https://images.cdn1.buscalibre.com/fit-in/180x180/e1/d4/e1d416f713d55d59028a36df50cf50fa.jpg;11
276;Adiccion a Internet y Redes Sociales;Mariano choliz montañes,clara marco;libro bueno;Alianza editorial;8420669628;Psicologia;https://images.cdn2.buscalibre.com/fit-in/180x180/f8/39/f8399623f11c8c136db6388c3c426582.jpg;10
277;Estrategias de Comunicacion en Redes Sociales;Maria del mar grandio perez,miguel angel nicolas ojeda;libro bueno;Gedisa;8497846206;No hay informacion;https://images.cdn1.buscalibre.com/fit-in/180x180/ab/7a/ab7afd29b1dba73ed181b326d3db1e42.jpg;20
278;Julio Profe. El Profesor Youtuber. Claves del Exito de un Profesional en Redes Sociales;Julio alberto r&iacute os;libro bueno;Circulo de lectores de colombia;No hay informacion;Libros sobre ciencias sociales;https://images.cdn2.buscalibre.com/fit-in/180x180/3e/f2/3ef29468206614627626d03e0de5f095.jpg;17
279;Publicidad en Redes Sociales Curso Practico;Rosa moreno;libro bueno;Ediciones de la u;9789587922868;Marketing digital, redes sociales;https://images.cdn1.buscalibre.com/fit-in/180x180/80/94/8094ec1964eaeaf035e90054cc8ea483.jpg;10
280;Jovenes y redes sociales. Aproximaciones desde entornos universitarios;Sosa zuñiga, dolores guadalupe;libro bueno;Centro de estudios juridicos y sociales mispat;No hay informacion;No hay informacion;https://images.cdn2.buscalibre.com/fit-in/180x180/8f/70/8f702ba9dacfa6e5b5888cfca8315e7e.jpg;19
281;Me Gusta. Redes Sociales / 3 ed.;Dave kerpen, michelle greenbaum;libro bueno;Mc graw hill;No hay informacion;No hay informacion;https://images.cdn3.buscalibre.com/fit-in/180x180/ce/f9/cef9ca8d700b97bba9c800730577d3c2.jpg;20
282;Redes Sociales y Complejidad: Modelos Interdisciplinarios en la Gestion Sostenible de la Sociedad y la Cultura;Reynoso carlos;libro bueno;Sb;9871256876;Politica y ciencias sociales;https://images.cdn3.buscalibre.com/fit-in/180x180/62/49/6249035f34457a2e08819caade49c41b.jpg;14
283;Analisis de Redes Sociales: Origenes, Teorias y Aplicaciones;Requena santos, f&eacute lix  et al.;libro bueno;Centro de investigaciones sociologicas;8474763479;Sociologia;https://images.cdn3.buscalibre.com/fit-in/180x180/f0/57/f0573909aefe3b05abad8676f7a507e0.jpg;19
284;Habla con Ellos de Redes Sociales;Alicia banderas claudia ranucci;libro bueno;Lunwerg;No hay informacion;No hay informacion;https://images.cdn1.buscalibre.com/fit-in/180x180/a8/0d/a80d7b6f237dd52d29a5db45ef87889c.jpg;14
285;Como Buscar Trabajo con Redes Sociales (y sin Ellas);Alfredo vela zancada;libro bueno;Formacion alcala, s.l.;No hay informacion;No hay informacion;https://images.cdn1.buscalibre.com/fit-in/180x180/53/8a/538aa7b85166abf940a716c47c2f7421.jpg;18
286;Marketing con Redes Sociales;Fernando macia domene,javier gosende grela;libro bueno;Anaya multimedia;8441528861;No hay informacion;https://images.cdn1.buscalibre.com/fit-in/180x180/fb/f4/fbf443d2ae769ef57d42680e894ede7f.jpg;12
287;La Otra Pantalla: Redes Sociales, Moviles y la Nueva Television;Elena neira borrajo;libro bueno;Uoc (universitat oberta de catalunya);No hay informacion;No hay informacion;https://images.cdn2.buscalibre.com/fit-in/180x180/ce/b6/ceb6c4f91dadac980853a249e07a6c21.jpg;19
288;Construccion de Memoria en las Redes Sociales. Los Ochenta en Fac;Laura cecilia cala matiz;libro bueno;U. central;No hay informacion;Sociologia;https://images.cdn2.buscalibre.com/fit-in/180x180/62/bf/62bfaed32049da3a03ffc15ae5351314.jpg;14
289;Aprendizajes con Redes Sociales. Tejidos Educativos Para los Nuevos Entornos;Linda castañeda quintero;libro bueno;Ediciones de la u;9588675219;Libros sobre ciencias sociales;https://images.cdn3.buscalibre.com/fit-in/180x180/b7/97/b797779aa628ada7e767d3b17e9c1ca6.jpg;17
290;Crecer con Wifi: Adolescencia y Redes Sociales;Sra rosa maria funes moñux;libro bueno;Ediciones passer;No hay informacion;No hay informacion;https://images.cdn3.buscalibre.com/fit-in/180x180/22/d6/22d692576b0120a1dd8c44f868d882a2.jpg;17
291;Fundamentos de web 2. 0 y Redes Sociales. Adgg081Po;Julio vilchez beltran;libro bueno;Ic editorial;No hay informacion;No hay informacion;https://images.cdn1.buscalibre.com/fit-in/180x180/3e/f1/3ef1da8a00577de8c09f5e327d543b69.jpg;10
292;Las Redes Sociales Ganan Elecciones?;Gerson morales;libro bueno;Independently published;No hay informacion;No hay informacion;https://images.cdn3.buscalibre.com/fit-in/180x180/b8/a6/b8a618c402cff63efab368a4b02cb4b7.jpg;10
293;Planificacion estrategica de la comunicacion en redes sociales;Juan monserrat gauchi federico sabater quinto;libro bueno;Ecoe ediciones;No hay informacion;No hay informacion;https://images.cdn1.buscalibre.com/fit-in/180x180/f6/a9/f6a9b3fa1fdf72d306062ec37d919d7d.jpg;15
294;Como ser un Influencer: Secretos Para Crear tu Marca de Redes Sociales Rapidamente.;Publishing negocios en linea;libro bueno;Blessings for all, llc;No hay informacion;No hay informacion;https://images.cdn3.buscalibre.com/fit-in/180x180/3d/d0/3dd0a9ff5c84fd8ee3790b5de5ff93ac.jpg;14
295;Confesiones de un bot Ruso: Me he Pasado Bastantes Años Insultandote en Redes Sociales Porque Alguien me Pagaba. Ahora que ya no Estoy en Nomina, Quiero Contarte Como lo Hacia. (Sociedad);Ruso, bot;libro bueno;Debate;No hay informacion;No hay informacion;https://images.cdn3.buscalibre.com/fit-in/180x180/ad/7a/ad7ac7a34bcd918e159f9e8217cbc637.jpg;15
296;Red de Redes: Las Practicas de la Intervencion en Redes Sociales;Elina nora dabas;libro bueno;Paidos;9501232484;Sociologia;https://images.cdn2.buscalibre.com/fit-in/180x180/65/99/659926a8157b2891449d887ffd502267.jpg;17
297;Black hat Python: Python Programming for Hackers and Pentesters (libro en Ingles);Justin seitz;libro bueno;No starch press;No hay informacion;Seguridad;https://images.cdn1.buscalibre.com/fit-in/180x180/71/1b/711bcdaaceaa491b28ae28bf3c8f3a42.jpg;19
298;Python Programming for Beginners: Python Programming Language Tutorial;Joseph joyner;libro bueno;Mihails konoplovs;No hay informacion;No hay informacion;https://images.cdn1.buscalibre.com/fit-in/180x180/32/3c/323cf47fe6822e1b7b04d6b691fdf768.jpg;10
299;Python Advanced Programming: The Guide to Learn Pyhton Programming. Reference With Exercises and Samples About Dynamical Programming, Multithreading,. Testing and More: 2 (Python Programming) (libro en Ingles);Marcus richards;libro bueno;Independently published;No hay informacion;No hay informacion;https://images.cdn3.buscalibre.com/fit-in/180x180/0e/37/0e374f9493ce9c5f0db77c416c4ba7c1.jpg;18
300;Cracking the Coding Interview: 189 Programming Questions and Solutions (libro en Ingles);Mcdowell, gayle laakmann;libro bueno;Careercup;No hay informacion;No hay informacion;https://image.cdn0.buscalibre.com/5b571d648863b5cb508b4568.__RS180x180__.jpg;17
301;Plc Programming Using Rslogix 500: Advanced Programming Concepts (libro en Ingles);Gary d anderson;libro bueno;Gary d. anderson;No hay informacion;No hay informacion;https://images.cdn1.buscalibre.com/fit-in/180x180/00/1a/001abf2fd2ff66164b6c6c1d3cc6a3a7.jpg;12
302;Arduino: 2020 Beginners Guide to Learn Arduino Programming. Amazing Projects Included. (libro en Ingles);Rick abdous;libro bueno;Independently published;No hay informacion;No hay informacion;https://images.cdn2.buscalibre.com/fit-in/180x180/23/d5/23d57096a3c4e6f9b9f2198dde07367e.jpg;17
303;structured programming with cobol examples;Earl h. parsons;libro bueno;Iuniverse;595250947;No hay informacion;https://images.cdn2.buscalibre.com/fit-in/180x180/c4/49/c4495660261ec63fa074f8bacc59d626.jpg;15
304;Efficient r Programming: A Practical Guide to Smarter Programming (libro en Ingles);Colin gillespie Robin lovelace;libro bueno;O'reilly media;No hay informacion;No hay informacion;https://images.cdn3.buscalibre.com/fit-in/180x180/5d/d0/5dd01c31c5373513a3ab406e1ba4d06f.jpg;16
305;Java Programming for Beginners: Learn Programming Without Previous Knowledge (libro en Ingles);Daniel lorig;libro bueno;Createspace independent publishing platform;No hay informacion;No hay informacion;https://images.cdn3.buscalibre.com/fit-in/180x180/98/6a/986aece4a57ee9d55a8ff2d27d6666d5.jpg;20
306;Programming Python: Powerful Object;Mark lutz;libro bueno;O'reilly media;596158106;No hay informacion;https://images.cdn2.buscalibre.com/fit-in/180x180/82/57/82579f9403942df32c1de6f374a1ba3e.jpg;10
307;Eloquent Javascript, 3rd Edition: A Modern Introduction to Programming (libro en Ingles);Marijn haverbeke;libro bueno;No starch press;No hay informacion;No hay informacion;https://images.cdn1.buscalibre.com/fit-in/180x180/da/ce/dacea40a6cf8a222be0092c9422550b3.jpg;20
308;Go web Programming (libro en Ingles);Sau sheong chang;libro bueno;Manning publications;No hay informacion;No hay informacion;https://images.cdn3.buscalibre.com/fit-in/180x180/30/5f/305fb12d487b36507c781092b78553c9.jpg;16
309;RPG/400 Programming on the AS/400;Myers, stanley e.;libro bueno;Prentice hall;013096736x;Programming - general,textbooks;https://images.cdn1.buscalibre.com/fit-in/180x180/22/4c/9baf45f7bb389b8d40a54ae403897909.jpg;11
310;Python Programming: The Fundamental Beginner’S Guide to Learning Python (libro en Ingles);Thomas jackson;libro bueno;Independently published;No hay informacion;No hay informacion;https://images.cdn3.buscalibre.com/fit-in/180x180/3f/f8/3ff870fd85f15cb2cc42f7c1b2d0399f.jpg;18
311;Java: Beginner&#39. S Guide to Programming Code With Java: Volume 1 (Java, Javascript, Python, Code, Programming Language, Programming, Computer Programming) (libro en Ingles);Charlie masterson;libro bueno;Createspace;No hay informacion;No hay informacion;https://images.cdn1.buscalibre.com/fit-in/180x180/64/1a/641ad22b69df52524ea076ca9f92540f.jpg;18
312;Plc Programming Using Rslogix 500: Basic Concepts of Ladder Logic Programming (libro en Ingles);Gary d anderson;libro bueno;Gary d. anderson;No hay informacion;No hay informacion;https://images.cdn1.buscalibre.com/fit-in/180x180/e4/4b/e44bf7cd808ff0224c47bf471676dee9.jpg;10
313;The Go Programming Language (addison;Alan donovan Brian kernighan;libro bueno;Addison-wesley professional;No hay informacion;No hay informacion;https://image.cdn1.buscalibre.com/5b5777b2f4df73fc698b4567.__RS180x180__.jpg;16
314;Automate the Boring Stuff With Python, 2nd Edition: Practical Programming for Total Beginners (libro en Ingles);Al sweigart;libro bueno;No starch press;No hay informacion;No hay informacion;https://images.cdn2.buscalibre.com/fit-in/180x180/d5/00/d5009e7bf7161b74139fee1a0278c263.jpg;19
315;C Programming Language, 2nd Edition (libro en Ingles);Brian kernighan Dennis ritchie;libro bueno;Pearson;131103628;No hay informacion;https://images.cdn3.buscalibre.com/fit-in/180x180/41/66/416631b1eaef27333a77c60d780e065d.jpg;12
316;Jcl & Vsam Programming Guide (libro en Ingles);Venkatesh ramasamy;libro bueno;Lulu press;No hay informacion;No hay informacion;https://images.cdn3.buscalibre.com/fit-in/180x180/f4/30/f4302c5cd54d80a46ff96649e6c07da2.jpg;11
317;Extreme Programming (Xp);Perez ramirez, danay, carlos sepulveda juan und i. oliveros yoanna;libro bueno;Eae;3846576271;No hay informacion;https://images.cdn1.buscalibre.com/fit-in/180x180/b2/23/9dcabde6e8bc825014eac961fdab276c.jpg;13
318;Super Scratch Programming Adventure! (Scratch 3);The lead project;libro bueno;No starch pr;No hay informacion;No hay informacion;https://images.cdn1.buscalibre.com/fit-in/180x180/69/32/6932f9ab15bfeaeef6451f23f05b5908.jpg;20
319;C Programming Language: The Ultimate Beginner s Guide;Easy programming;libro bueno;Createspace independent publishing platform;No hay informacion;No hay informacion;https://images.cdn3.buscalibre.com/fit-in/180x180/94/4d/944d2002b60e8e90e0e01bc73cc49e5a.jpg;16
320;The C++ Programming Language 4Th Edition;Bjarne stroustrup;libro bueno;Addison-wesley professional;321958322;No hay informacion;https://images.cdn3.buscalibre.com/fit-in/180x180/1f/ab/1fab1bf69b0d60f05b0234a956b80140.jpg;12
321;Python Programming (libro en Ingles);Mark reed;libro bueno;Publishing factory llc;No hay informacion;No hay informacion;https://images.cdn2.buscalibre.com/fit-in/180x180/29/13/2913706997720151c41f0ee4ef85b032.jpg;17
322;C Programming Language: A Step by Step Beginner&#39. S Guide to Learn c Programming in 7 Days (libro en Ingles);Darrel l. graham;libro bueno;Createspace independent publishing platform;No hay informacion;No hay informacion;https://images.cdn2.buscalibre.com/fit-in/180x180/53/8c/538cb7bee2f8350d10ce299b17e12dad.jpg;20
323;Functional Programming Using Scala (libro en Ingles);Partha sarathi bishnu;libro bueno;Independently published;No hay informacion;No hay informacion;https://images.cdn3.buscalibre.com/fit-in/180x180/b6/20/b62060a40af41f988c988655bf2dc88a.jpg;19
324;Mastering Bitcoin: Programming the Open Blockchain;Andreas antonopoulos;libro bueno;O'reilly media;No hay informacion;No hay informacion;https://images.cdn2.buscalibre.com/fit-in/180x180/80/b2/80b265eca57ba2284ad7f9f3efc2018b.jpg;19
325;Python Programming for Beginners: Learn the Basics of Python Programming (Python Crash Course, Programming for Dummies) (libro en Ingles);James tudor;libro bueno;Independently published;No hay informacion;No hay informacion;https://images.cdn2.buscalibre.com/fit-in/180x180/44/2b/442b9cccce2b79c768a7e32957d1fc7b.jpg;20
326;dynamic programming,models and applications;Eric v. denardo;libro bueno;Dover publications;486428109;No hay informacion;https://image.cdn0.buscalibre.com/2524003.__RS180x180__.jpg;11
327;beginning programming all;Wallace wang;libro bueno;John wiley & sons inc;470108541;No hay informacion;https://images.cdn3.buscalibre.com/fit-in/180x180/e6/0c/e60c1d800d2da5d7a8ecf9f3386db6b4.jpg;11
328;Game Programming Patterns;Robert nystrom;libro bueno;Genever benning;No hay informacion;No hay informacion;https://images.cdn1.buscalibre.com/fit-in/180x180/bb/3d/bb3dff204a056324fcff788fbe09ce23.jpg;11
329;Programming the Human Biocomputer (libro en Ingles);John c. lilly;libro bueno;Ronin publishing;1579510655;Otros libros de tiempo libre;https://images.cdn1.buscalibre.com/fit-in/180x180/4d/fd/4dfd1f246141102998732bdca68410d6.jpg;13
330;Python Crash Course, 3rd Edition: A Hands;Eric matthes;libro bueno;No starch press;No hay informacion;No hay informacion;https://images.cdn1.buscalibre.com/fit-in/180x180/ca/7f/ca7f7bff848bbbbde3c30f1fd5492abc.jpg;10
331;Python Crash Course: A Hands;Eric matthes;libro bueno;No starch press;No hay informacion;No hay informacion;https://images.cdn3.buscalibre.com/fit-in/180x180/af/ed/afedc0727063931413a2c9c5b54090b5.jpg;14
332;excel 2013 power programming with vba;John walkenbach;libro bueno;Wiley;1118490398;No hay informacion;https://images.cdn3.buscalibre.com/fit-in/180x180/b9/8b/b98b45fdccea946903c32b83148d58dd.jpg;17
333;Mastering Linux Shell Scripting: A Practical Guide to Linux Command;Mokhtar ebrahim andrew mallett;libro bueno;Packt publishing;No hay informacion;No hay informacion;https://images.cdn1.buscalibre.com/fit-in/180x180/27/c3/27c35b4616d15f8b54e50a01fb7ab098.jpg;12
334;Beginning Programming With Java for Dummies (libro en Ingles);Barry burd;libro bueno;For dummies;No hay informacion;No hay informacion;https://images.cdn3.buscalibre.com/fit-in/180x180/ba/38/ba38dc250d3b49408aa081d3716c75b7.jpg;13
335;Fluent Python: Clear, Concise, and Effective Programming (libro en Ingles);Luciano ramalho;libro bueno;O'reilly media;No hay informacion;No hay informacion;https://images.cdn1.buscalibre.com/fit-in/180x180/c1/f8/c1f84606438d201a340a8c025957aa22.jpg;18
336;Programming Fundamentals in Javascript (libro en Ingles);Rex a. barzee;libro bueno;Maia llc;No hay informacion;No hay informacion;https://images.cdn2.buscalibre.com/fit-in/180x180/a0/ae/a0ae2d24ff131752c06f0d63ec273003.jpg;18
337;Ruby: Learn Ruby in 24 Hours or Less;Robert dwight;libro bueno;Createspace;No hay informacion;No hay informacion;https://images.cdn1.buscalibre.com/fit-in/180x180/b3/4e/b34ed61c95b013af8a7b52d13eef22fa.jpg;12
338;Raspberry pi 3: Raspberry pi 3 Programming 101;Matthew adams;libro bueno;Createspace;No hay informacion;No hay informacion;https://images.cdn1.buscalibre.com/fit-in/180x180/1c/c2/1cc273215f3bfb96e59146c9d28fa0af.jpg;17
339;Impractical Python Projects: Playful Programming Activities to Make you Smarter (libro en Ingles);Lee vaughan;libro bueno;No starch press;No hay informacion;No hay informacion;https://images.cdn3.buscalibre.com/fit-in/180x180/3f/44/3f448651dc07ecc0b0f6cf28b5d980dd.jpg;11
340;Java: Java Programming for Beginners Teaching you Basic to Advanced Java Programming Skills! (libro en Ingles);Adam dodson;libro bueno;Ingram publishing;No hay informacion;No hay informacion;https://images.cdn1.buscalibre.com/fit-in/180x180/48/7a/487afbd4e561f0f29f7699329ee2d047.jpg;17
341;3d Game Programming for Kids: Create Interactive Worlds With Javascript (libro en Ingles);Chris strom;libro bueno;The pragmatic programmers;No hay informacion;No hay informacion;https://images.cdn2.buscalibre.com/fit-in/180x180/4a/cd/4acdace7b4cc03c130f09ea7af5ad686.jpg;14
342;Python Programming Techniques: The Art of Coding and Programming Explained;Lance gifford;libro bueno;Shaan white;No hay informacion;No hay informacion;https://images.cdn3.buscalibre.com/fit-in/180x180/d3/e3/d3e3dc41d0c550a869c96f059751f194.jpg;16
343;programming masterminds,inspiring conversations with creators of major programming languages;Federico biancuzzi Shane warden;libro bueno;O'reilly media;596515170;No hay informacion;https://images.cdn1.buscalibre.com/fit-in/180x180/ac/ec/acec93d102a5ae0e76fc35c483bd9e35.jpg;15
344;Arduino Programming: The Ultimate Expert Guide to Learn Arduino Programming Step by Step (libro en Ingles);Ryan turner;libro bueno;Nelly b.l. international consulting ltd.;No hay informacion;No hay informacion;https://images.cdn1.buscalibre.com/fit-in/180x180/75/9c/759c6e50c7e886719478e4d692fb3cd2.jpg;20
