id;nombres;apellidos;tipodoc;numerodoc;correo;tipo;contrasena;"imagenPerfil";idioma;prefijo;color
1;Valeria;Vega Herrera;DNI;72915768;vale@gmail.com;1;valeria;https://tse4.mm.bing.net/th?id=OIP.e4UAkCNI9YOgGV3uQsVw8QHaKf&pid=Api&P=0&h=180;español;SRTA;verde
2;Abel;Delgado Romero;DNI;78283809;abel@gmail.com;2;abel;https://static.nationalgeographic.es/files/styles/image_3200/public/75552.ngsversion.1422285553360.jpg?w=1600&h=1067;NAN;NAN;NAN
3;Cris;Gierth;DNI;74857645;cris@gmail.com;2;cris;http://dummyimage.com/221x100.png/dddddd/000000;NAN;NAN;NAN
4;Delaney;Aikett;DNI;76324598;delaney@gmail.com;1;delaney;http://dummyimage.com/116x100.png/ff4444/ffffff;español;SR;verde
5;Mack;Lennie;DNI;73727850;mack@gmail.com;1;mack;http://dummyimage.com/248x100.png/dddddd/000000;español;SR;amarillo
6;Ingaberg;Crotty;DNI;79085451;ingaberg@gmail.com;2;ingaberg;http://dummyimage.com/219x100.png/dddddd/000000;NAN;NAN;NAN
7;Harvey;Holde;DNI;78894098;harvey@gmail.com;2;harvey;http://dummyimage.com/222x100.png/ff4444/ffffff;NAN;NAN;NAN
8;Alfonse;Jacobsz;DNI;75920908;alfonse@gmail.com;1;alfonse;http://dummyimage.com/147x100.png/dddddd/000000;español;SR;rojo
9;Fleming;Le Houx;DNI;74507013;fleming@gmail.com;1;fleming;http://dummyimage.com/194x100.png/5fa2dd/ffffff;español;SR;verde
10;Booth;Testin;DNI;77153840;booth@gmail.com;1;booth;http://dummyimage.com/205x100.png/5fa2dd/ffffff;español;SR;verde
11;Cody;Scutt;DNI;74343796;cody@gmail.com;1;cody;http://dummyimage.com/136x100.png/cc0000/ffffff;español;SRTA;rojo
12;Wes;Petyakov;DNI;73720302;wes@gmail.com;1;wes;http://dummyimage.com/227x100.png/cc0000/ffffff;español;SR;rojo
13;Krissy;Dods;DNI;76121634;krissy@gmail.com;2;krissy;http://dummyimage.com/234x100.png/5fa2dd/ffffff;NAN;NAN;NAN
14;Sydney;Ouver;DNI;72854540;sydney@gmail.com;1;sydney;http://dummyimage.com/208x100.png/5fa2dd/ffffff;español;SRTA;azul
15;Maison;Papis;DNI;79203027;maison@gmail.com;2;maison;http://dummyimage.com/189x100.png/cc0000/ffffff;NAN;NAN;NAN
16;Ferd;Chantrell;DNI;75431150;ferd@gmail.com;1;ferd;http://dummyimage.com/199x100.png/5fa2dd/ffffff;español;SR;azul
17;Fiona;McCarthy;DNI;78320218;fiona@gmail.com;1;fiona;http://dummyimage.com/186x100.png/5fa2dd/ffffff;español;SRTA;verde
18;Leigh;Sollom;DNI;71385397;leigh@gmail.com;1;leigh;http://dummyimage.com/178x100.png/dddddd/000000;español;SRTA;amarillo
19;Thatch;Caudelier;DNI;70248140;thatch@gmail.com;1;thatch;http://dummyimage.com/154x100.png/5fa2dd/ffffff;español;SR;naranja
20;Latisha;Abelson;DNI;75138826;latisha@gmail.com;1;latisha;http://dummyimage.com/224x100.png/ff4444/ffffff;español;SRTA;naranja
21;Web;Goldstein;DNI;74304183;web@gmail.com;1;web;http://dummyimage.com/167x100.png/dddddd/000000;español;SR;verde
22;Peggi;Coppard;DNI;76669695;peggi@gmail.com;1;peggi;http://dummyimage.com/102x100.png/dddddd/000000;español;SRTA;azul
23;Melodee;Crannell;DNI;70962982;melodee@gmail.com;2;melodee;http://dummyimage.com/138x100.png/5fa2dd/ffffff;NAN;NAN;NAN
24;Marcella;Garstang;DNI;71303829;marcella@gmail.com;1;marcella;http://dummyimage.com/140x100.png/5fa2dd/ffffff;español;SRTA;azul
25;Jessi;Rumsby;DNI;70091107;jessi@gmail.com;1;jessi;http://dummyimage.com/204x100.png/ff4444/ffffff;español;SRTA;verde
26;Cori;Counsell;DNI;73760203;cori@gmail.com;2;cori;http://dummyimage.com/194x100.png/cc0000/ffffff;NAN;NAN;NAN
27;Krissie;Gell;DNI;72706974;krissie@gmail.com;1;krissie;http://dummyimage.com/236x100.png/5fa2dd/ffffff;español;SRTA;verde
28;Theobald;Wolstenholme;DNI;79046881;theobald@gmail.com;2;theobald;http://dummyimage.com/241x100.png/cc0000/ffffff;NAN;NAN;NAN
29;Farlie;Nickerson;DNI;78663545;farlie@gmail.com;2;farlie;http://dummyimage.com/188x100.png/dddddd/000000;NAN;NAN;NAN
30;Clarabelle;Adams;DNI;74828329;clarabelle@gmail.com;1;clarabelle;http://dummyimage.com/168x100.png/ff4444/ffffff;español;SRTA;rojo
31;Drucill;Peattie;DNI;70175145;drucill@gmail.com;1;drucill;http://dummyimage.com/233x100.png/ff4444/ffffff;español;SRTA;naranja
32;Axel;Glaves;DNI;70516947;axel@gmail.com;2;axel;http://dummyimage.com/233x100.png/ff4444/ffffff;NAN;NAN;NAN
33;Shawn;Ridgwell;DNI;75135434;shawn@gmail.com;1;shawn;http://dummyimage.com/152x100.png/5fa2dd/ffffff;español;SRTA;amarillo
34;Yurik;Folshom;DNI;77004053;yurik@gmail.com;1;yurik;http://dummyimage.com/100x100.png/5fa2dd/ffffff;español;SR;verde
35;Sutherlan;Carrell;DNI;79203408;sutherlan@gmail.com;2;sutherlan;http://dummyimage.com/236x100.png/dddddd/000000;NAN;NAN;NAN
36;Darrelle;Palliser;DNI;75343237;darrelle@gmail.com;1;darrelle;http://dummyimage.com/143x100.png/dddddd/000000;español;SRTA;verde
37;Gilburt;Jesson;DNI;75701277;gilburt@gmail.com;2;gilburt;http://dummyimage.com/227x100.png/5fa2dd/ffffff;NAN;NAN;NAN
38;Brittney;Olivi;DNI;71318665;brittney@gmail.com;1;brittney;http://dummyimage.com/250x100.png/ff4444/ffffff;español;SRTA;amarillo
39;Cynthia;Sellman;DNI;73536836;cynthia@gmail.com;2;cynthia;http://dummyimage.com/120x100.png/cc0000/ffffff;NAN;NAN;NAN
40;Matelda;Tyers;DNI;77439790;matelda@gmail.com;2;matelda;http://dummyimage.com/237x100.png/ff4444/ffffff;NAN;NAN;NAN
41;Mychal;Eallis;DNI;76228997;mychal@gmail.com;2;mychal;http://dummyimage.com/176x100.png/cc0000/ffffff;NAN;NAN;NAN
42;Carolan;Haysman;DNI;72051147;carolan@gmail.com;1;carolan;http://dummyimage.com/126x100.png/5fa2dd/ffffff;español;SRTA;rojo
43;Kennedy;Aggett;DNI;77305594;kennedy@gmail.com;2;kennedy;http://dummyimage.com/140x100.png/5fa2dd/ffffff;NAN;NAN;NAN
44;Judah;Klemensiewicz;DNI;72761337;judah@gmail.com;1;judah;http://dummyimage.com/217x100.png/5fa2dd/ffffff;español;SR;verde
45;Teodora;Duinbleton;DNI;76015585;teodora@gmail.com;1;teodora;http://dummyimage.com/196x100.png/dddddd/000000;español;SRTA;amarillo
46;Patten;Pepperell;DNI;74890359;patten@gmail.com;1;patten;http://dummyimage.com/209x100.png/5fa2dd/ffffff;español;SR;amarillo
47;Phyllida;Spruce;DNI;71642702;phyllida@gmail.com;1;phyllida;http://dummyimage.com/141x100.png/5fa2dd/ffffff;español;SRTA;naranja
48;Nobie;Glasheen;DNI;75001723;nobie@gmail.com;1;nobie;http://dummyimage.com/242x100.png/cc0000/ffffff;español;SR;verde
49;Carilyn;Scales;DNI;78445332;carilyn@gmail.com;1;carilyn;http://dummyimage.com/128x100.png/5fa2dd/ffffff;español;SRTA;rojo
50;Tadd;Whittenbury;DNI;70499048;tadd@gmail.com;2;tadd;http://dummyimage.com/206x100.png/cc0000/ffffff;NAN;NAN;NAN